created_at,favorite_count,retweet_count,id_str,location,followers_count,friends_count,listed_count,favourites_count,verified,statuses_count,label
Thu Nov 02 22:17:11 +0000 2017,0,0,122507478,"Chicago, IL",1579,1129,11,30110,False,23441,-3
Thu Nov 02 22:17:11 +0000 2017,0,0,2445985050,None,117,111,0,11448,False,1822,-3
Thu Nov 02 22:17:13 +0000 2017,0,0,542125931,None,497,1647,0,3331,False,384,-3
Thu Nov 02 22:17:14 +0000 2017,0,0,3196648768,Cali,568,330,15,14867,False,40642,-3
Thu Nov 02 22:17:26 +0000 2017,0,0,1236799980,SC: Littlered69,885,1776,5,12486,False,25726,-3
Thu Nov 02 23:30:25 +0000 2017,0,0,789907076583661569,where b*tchez cnt go,1026,828,8,8365,False,28610,-3
Thu Nov 02 23:30:43 +0000 2017,0,0,1284861,"Seattle, WA",3160,3087,111,27261,False,9447,-3
Thu Nov 02 23:30:53 +0000 2017,0,0,351327229,,405,552,2,345,False,43136,-3
Thu Nov 02 23:30:54 +0000 2017,0,0,76537816,Cleveland Hts | Athens ,884,705,2,5488,False,18298,-3
Thu Nov 02 23:30:54 +0000 2017,0,0,2844195328,on the road,586,359,1,5383,False,6622,-3
Thu Nov 02 23:30:59 +0000 2017,0,0,525981595,None,2034,868,2,2196,False,36560,-3
Thu Nov 02 23:31:00 +0000 2017,0,0,298305353,"Jackson, MS",672,345,3,808,False,10873,-3
Thu Nov 02 23:31:01 +0000 2017,0,0,564996408,"Normal, IL",102,170,1,3539,False,936,-3
Thu Nov 02 23:31:06 +0000 2017,0,0,2153746922,"Atlanta, GA",778,555,1,2641,False,15560,-3
Thu Nov 02 23:31:08 +0000 2017,0,0,56352860,In ya head...rent free!,532,613,5,259,False,20019,-3
Thu Nov 02 23:31:12 +0000 2017,0,0,2440755956,"Georgetown, KY",204,87,0,3215,False,5222,-3
Thu Nov 02 23:31:15 +0000 2017,0,0,330158767,"Dallas, TX",749,506,5,59940,False,52053,-3
Thu Nov 02 23:31:21 +0000 2017,0,0,407468794,"Newport Beach, CA",2546,4348,6,24028,False,12295,-3
Thu Nov 02 23:31:23 +0000 2017,0,0,730948852715393024,"Brampton, Ontario",172,193,2,1526,False,4220,-3
Thu Nov 02 23:31:24 +0000 2017,0,0,29905001,"Houston, TX",2614,1032,67,10204,False,354296,-3
Thu Nov 02 23:31:26 +0000 2017,0,0,2389142957, 904  330,763,1046,7,5284,False,23675,-3
Thu Nov 02 23:31:37 +0000 2017,0,0,774957582062456832,Here.,1143,853,7,876,False,27221,-3
Thu Nov 02 23:31:38 +0000 2017,0,0,2646212417,"Los Angeles, CA",210,86,4,10554,False,14258,-3
Thu Nov 02 23:31:39 +0000 2017,0,0,40809894,"Venice, Los Angeles",23759,19381,86,39750,False,49089,-3
Thu Nov 02 23:31:43 +0000 2017,0,0,2853301740,None,4231,4388,4,1531,False,9776,-3
Thu Nov 02 23:31:45 +0000 2017,0,0,635788718,None,1759,1152,3,932,False,23938,-3
Thu Nov 02 23:31:51 +0000 2017,0,0,2364805794,None,395,521,3,2496,False,5043,-3
Thu Nov 02 23:31:53 +0000 2017,0,0,1636461798,"Raleigh, NC",671,613,4,3690,False,41053,-3
Thu Nov 02 23:31:58 +0000 2017,0,0,2292277763,"Brooklyn, NY",157,238,0,8111,False,1624,-3
Thu Nov 02 23:31:58 +0000 2017,0,0,2634854596,"Dallas , Tx",607,841,1,3405,False,8252,-3
Thu Nov 02 23:32:01 +0000 2017,0,0,852204038770892801,None,509,359,0,1133,False,3747,-3
Thu Nov 02 23:32:03 +0000 2017,0,0,5612002,"portland, ore.",1169,296,70,12303,False,20416,-3
Thu Nov 02 23:32:03 +0000 2017,0,0,523581826,"Hattiesburg, MS",1371,698,1,2640,False,8660,-3
Thu Nov 02 23:32:18 +0000 2017,0,0,738139934,tennessee,949,819,3,9394,False,28935,-3
Thu Nov 02 23:32:20 +0000 2017,0,0,184655060,ATLMASC,362,385,2,9160,False,12787,-3
Thu Nov 02 23:40:45 +0000 2017,0,0,264931360,"Tempe, AZ",1403,1283,15,1646,False,87238,-3
Thu Nov 02 23:40:51 +0000 2017,0,0,1483646576,United States,344,235,0,25343,False,3574,-3
Thu Nov 02 23:40:58 +0000 2017,0,0,12437812,"Toronto, Ontario",331,309,32,910,False,25522,-3
Thu Nov 02 23:41:09 +0000 2017,0,0,621005437,None,46,171,0,2857,False,2022,-3
Thu Nov 02 23:41:09 +0000 2017,0,0,251372137,"Chicago, IL",949,792,1,12087,False,33850,-3
Thu Nov 02 23:41:11 +0000 2017,0,0,802736938784616448,"Montgomery, AL",180,330,2,646,False,6917,-3
Thu Nov 02 23:41:13 +0000 2017,0,0,1053574627,"Orlando, FL",177,138,3,6639,False,6681,-3
Thu Nov 02 23:41:19 +0000 2017,0,0,2263078524,None,368,250,1,1934,False,726,-3
Thu Nov 02 23:41:21 +0000 2017,0,0,3270231482,"Houston, TX",549,623,4,8139,False,9665,-3
Thu Nov 02 23:41:21 +0000 2017,0,0,2705397282,htx,194,181,1,2583,False,6488,-3
Thu Nov 02 23:41:24 +0000 2017,0,0,1358423682,None,365,423,1,1487,False,1392,-3
Thu Nov 02 23:41:35 +0000 2017,0,0,2497508706,"Pompano Beach, FL",5378,2379,42,23270,False,63858,-3
Thu Nov 02 23:41:36 +0000 2017,0,0,209453637,"Dallas, TX",458,779,0,2827,False,4752,-3
Thu Nov 02 23:41:38 +0000 2017,0,0,2594215154,None,558,365,3,8875,False,10775,-3
Thu Nov 02 23:41:46 +0000 2017,0,0,28013409,"Miami, FL",776,654,31,30,False,1514,-3
Thu Nov 02 23:41:52 +0000 2017,0,0,39785450,Jamaica,268,207,0,1903,False,7086,-3
Thu Nov 02 23:41:53 +0000 2017,0,0,436460596,MindingMyOwnSoICanLiveLong,930,510,3,3959,False,92047,-3
Thu Nov 02 23:41:55 +0000 2017,0,0,702347731,920,500,358,6,8115,False,14285,-3
Thu Nov 02 23:41:56 +0000 2017,0,0,770842351,"Ohio, USA",2093,1099,4,31187,False,36648,-3
Thu Nov 02 23:42:00 +0000 2017,0,0,376997527,"Chicago, IL",315,464,5,2029,False,12685,-3
Thu Nov 02 23:42:05 +0000 2017,0,0,623268716,"St George, UT",482,517,1,8247,False,14110,-3
Thu Nov 02 23:42:25 +0000 2017,0,0,306049413,"Lawton, OK",1874,995,8,17869,False,109149,-3
Thu Nov 02 23:42:26 +0000 2017,0,0,52474202,Sacramento California,419,399,14,10581,False,24149,-3
Thu Nov 02 23:42:27 +0000 2017,0,0,2402254530,"Fontana, CA",88,139,0,352,False,3540,-3
Thu Nov 02 23:42:30 +0000 2017,0,0,166227041,"Cleveland, OH",1569,1124,5,4129,False,55194,-3
Thu Nov 02 23:42:36 +0000 2017,0,0,810301658,"Los Angeles, CA",1417,420,22,21942,False,57175,-3
Thu Nov 02 23:42:35 +0000 2017,0,0,910834646,nyc,1402,1236,9,6431,False,11442,-3
Thu Nov 02 23:42:40 +0000 2017,0,0,1110315985,"New York, NY",1139,293,20,69757,False,4451,-3
Thu Nov 02 23:42:45 +0000 2017,0,0,297224865,"Isla Vista, CA",1639,2504,8,11676,False,39725,-3
Thu Nov 02 23:42:49 +0000 2017,0,0,2366453148,somewhere in tx ,1268,3089,9,25382,False,25465,-3
Thu Nov 02 23:43:04 +0000 2017,0,0,3193715384,None,884,693,9,2377,False,12392,-3
Thu Nov 02 23:43:11 +0000 2017,0,0,1515410377,Mukwonago  MKE  Taco Bell,256,311,0,21615,False,4749,-3
Thu Nov 02 23:43:12 +0000 2017,0,0,403776502,Southern Califournia,1035,762,15,75368,False,73559,-3
Thu Nov 02 23:43:15 +0000 2017,0,0,3346043865,"York, PA",359,128,0,1115,False,9808,-3
Thu Nov 02 23:43:26 +0000 2017,0,0,3601271654,"California, USA",55,50,0,578,False,320,-3
Thu Nov 02 23:43:31 +0000 2017,0,0,450144648,330 ,1234,572,7,36689,False,44698,-3
Thu Nov 02 23:43:32 +0000 2017,0,0,1354870730,"Fort Worth, TX",483,526,2,11234,False,27716,-3
Thu Nov 02 23:43:36 +0000 2017,0,0,115776093,SoFloD.C.,785,556,17,31339,False,40658,-3
Thu Nov 02 23:43:37 +0000 2017,0,0,593139928,wanderlust ,1104,719,9,19184,False,28854,-3
Thu Nov 02 23:43:38 +0000 2017,0,0,2657664242,"San Marcos, TX ",428,406,7,10805,False,12052,-3
Thu Nov 02 23:43:40 +0000 2017,0,0,452765740,"Rock Hill, SC",4040,1713,8,2789,False,35730,-3
Thu Nov 02 23:43:41 +0000 2017,0,0,396135485,None,4197,1731,22,10030,False,93600,-3
Thu Nov 02 23:43:42 +0000 2017,0,0,3118824306,None,85,61,0,906,False,3711,-3
Thu Nov 02 23:43:46 +0000 2017,0,0,297224865,"Isla Vista, CA",1639,2504,8,11676,False,39727,-3
Thu Nov 02 23:43:52 +0000 2017,0,0,430391037,None,1163,624,11,27048,False,61451,-3
Thu Nov 02 23:43:54 +0000 2017,0,0,2362130784,None,776,339,8,13240,False,10325,-3
Thu Nov 02 23:44:18 +0000 2017,0,0,498360065,"Houston, TX",729,445,3,4919,False,6495,-3
Thu Nov 02 23:44:26 +0000 2017,0,0,2509569909,9/17/16,844,482,4,7867,False,9636,-3
Thu Nov 02 23:44:30 +0000 2017,0,0,1040246298,probably with Tristan,709,1914,7,4660,False,6116,-3
Thu Nov 02 23:44:31 +0000 2017,0,0,35568692,IG AliseOfficial ,244,138,3,90,False,9882,-3
Thu Nov 02 23:44:48 +0000 2017,0,0,162468283,USA,8981,9054,5,9365,False,1805,-3
Thu Nov 02 23:44:51 +0000 2017,0,0,2279773363,"Eastpointe, MI ",1693,897,1,8221,False,37890,-3
Thu Nov 02 23:45:01 +0000 2017,0,0,343010575,joshua 1:9,705,328,8,13485,False,39469,-3
Thu Nov 02 23:45:05 +0000 2017,0,0,821433526105030656,Idk,38,95,0,172,False,224,-3
Thu Nov 02 23:45:05 +0000 2017,0,0,924385567068098560,"Chicago, IL",20,19,0,15,False,17,-3
Thu Nov 02 23:45:10 +0000 2017,0,0,400481570,"Mooresville|Charlotte, NC. ",15322,6680,118,27574,True,133397,-3
Thu Nov 02 23:45:13 +0000 2017,0,0,2260161813,None,3069,936,5,15473,False,78162,-3
Thu Nov 02 23:45:17 +0000 2017,0,0,918917883849334785,atlanta ,66,75,0,1157,False,1620,-3
Thu Nov 02 23:45:19 +0000 2017,0,0,619045040,"South Carolina, USA",392,480,6,29743,False,9479,-3
Thu Nov 02 23:45:19 +0000 2017,0,0,701474592,None,1414,2043,3,2360,False,10442,-3
Thu Nov 02 23:45:31 +0000 2017,0,0,12437812,"Toronto, Ontario",332,309,32,910,False,25524,-3
Thu Nov 02 23:45:36 +0000 2017,0,0,459976658,"Long Branch, NJ ",516,652,0,7056,False,10095,-3
Thu Nov 02 23:45:43 +0000 2017,0,0,1921134690,None,268,200,0,11701,False,16661,-3
Thu Nov 02 23:45:46 +0000 2017,0,0,383737356,804 ,1546,586,6,6028,False,41159,-3
Thu Nov 02 23:45:58 +0000 2017,0,0,18439972,TORONTO,45557,2181,317,48565,True,24238,-3
Thu Nov 02 23:46:02 +0000 2017,0,0,708042335561654273,"Belo Horizonte, Brasil",168,448,0,4045,False,2016,-3
Thu Nov 02 23:46:05 +0000 2017,0,0,593139928,wanderlust ,1104,719,9,19185,False,28854,-3
Thu Nov 02 23:46:06 +0000 2017,0,0,952686589,None,566,586,0,4469,False,4314,-3
Thu Nov 02 23:46:09 +0000 2017,0,0,2859823667,"Canton, MI",533,451,8,4087,False,6820,-3
Thu Nov 02 23:46:13 +0000 2017,0,0,3124059562,lancaster ny,462,310,1,9002,False,18534,-3
Thu Nov 02 23:46:15 +0000 2017,0,0,206331613,X marks the Spot!,542,460,33,32162,False,27906,-3
Thu Nov 02 23:46:17 +0000 2017,0,0,2627729219,"Houston, TX",358,557,1,11176,False,4665,-3
Thu Nov 02 23:46:20 +0000 2017,0,0,2395410416,In A Poetic State Of Mind ,361,338,3,1803,False,25992,-3
Thu Nov 02 23:46:24 +0000 2017,0,0,2216915281,"Colton, CA",454,423,2,6580,False,12108,-3
Thu Nov 02 23:46:25 +0000 2017,0,0,325967224,"Dallas, Tx",223,637,7,587,False,10357,-3
Thu Nov 02 23:46:27 +0000 2017,0,0,714664548318519299,"North Carolina, USA",326,336,0,1152,False,2576,-3
Thu Nov 02 23:46:30 +0000 2017,0,0,2854990992,UCF,517,330,5,10209,False,8148,-3
Thu Nov 02 23:46:37 +0000 2017,0,0,2343165654,Bay Area / San Diego / Lebanon,299,404,1,4456,False,5088,-3
Thu Nov 02 23:46:42 +0000 2017,0,0,80415557,"Alabama, USA",1816,2123,6,37761,False,43219,-3
Thu Nov 02 23:46:43 +0000 2017,0,0,2627729219,"Houston, TX",358,557,1,11176,False,4666,-3
Thu Nov 02 23:46:47 +0000 2017,0,0,328810819,"Bremerton, WA",464,537,1,10063,False,3753,-3
Thu Nov 02 23:46:52 +0000 2017,0,0,874341091,None,338,245,0,11075,False,10458,-3
Thu Nov 02 23:47:18 +0000 2017,0,0,3905008225,"Hoover, AL ",525,381,2,7218,False,9282,-3
Thu Nov 02 23:47:24 +0000 2017,0,0,2342812272, Made In Flexico ,3053,707,45,103315,False,176826,-3
Thu Nov 02 23:47:43 +0000 2017,0,0,277131791,USA & Canada,1083,447,84,797,False,10153,-3
Thu Nov 02 23:47:51 +0000 2017,0,0,411998774,IG: culta_klash Snap: cyp1908,2528,506,85,18673,False,171204,-3
Thu Nov 02 23:47:59 +0000 2017,0,0,319885613,"Atlanta, GA",308,332,5,410,False,2389,-3
Thu Nov 02 23:48:01 +0000 2017,0,0,2715247132,None,1165,888,4,10471,False,33598,-3
Thu Nov 02 23:48:02 +0000 2017,0,0,285077823,"Houston, TX",806,616,0,5109,False,38498,-3
Thu Nov 02 23:48:03 +0000 2017,0,0,774826016,SC: ladiesman1642,434,413,3,4289,False,3042,-3
Thu Nov 02 23:48:05 +0000 2017,0,0,2594873214,757 ,7047,4350,20,51112,False,92752,-3
Thu Nov 02 23:48:09 +0000 2017,0,0,341927562,"Los Angeles, CA",189,538,5,15331,False,8494,-3
Thu Nov 02 23:48:10 +0000 2017,0,0,2716169346,sanger tx,537,1007,1,4274,False,6746,-3
Thu Nov 02 23:48:18 +0000 2017,0,0,1243727863,"New York, USA",1475,159,22,14533,False,30120,-3
Thu Nov 02 23:48:27 +0000 2017,0,0,765400481443160065,"Austin, TX",1124,144,3,3160,False,1484,-3
Thu Nov 02 23:48:36 +0000 2017,0,0,233237541,"Auburn, AL",98,150,1,1191,False,1548,-3
Thu Nov 02 23:48:38 +0000 2017,0,0,2260161813,None,3069,936,5,15473,False,78164,-3
Thu Nov 02 23:48:40 +0000 2017,0,0,770986224727236608,None,1098,922,1,6353,False,6963,-3
Thu Nov 02 23:48:41 +0000 2017,0,0,180041078,None,492,650,1,11912,False,3361,-3
Thu Nov 02 23:48:53 +0000 2017,0,0,357623592,New York,243,1329,8,9805,False,4127,-3
Thu Nov 02 23:48:53 +0000 2017,0,0,1691841385,Anywhere In The World Dahhhlin,616,617,6,14007,False,24442,-3
Thu Nov 02 23:49:11 +0000 2017,0,0,2543756129,None,424,872,9,2296,False,2460,-3
Thu Nov 02 23:49:15 +0000 2017,0,0,1388394727,"419, Ohio",522,478,3,7054,False,9619,-3
Thu Nov 02 23:49:23 +0000 2017,0,0,45608512,Atlanta ,1929,244,36,9,False,166475,-3
Thu Nov 02 23:49:31 +0000 2017,0,0,422670407,None,593,623,0,5140,False,9192,-3
Thu Nov 02 23:49:32 +0000 2017,0,0,33216753,topeka.hutch.pitt.tulsa.,1369,1072,11,31303,False,27214,-3
Thu Nov 02 23:49:33 +0000 2017,0,0,19477339,United States,3958,3709,163,61606,False,153309,-3
Thu Nov 02 23:49:39 +0000 2017,0,0,3036969253,"San Marcos, Tx",410,435,2,3261,False,6766,-3
Thu Nov 02 23:49:54 +0000 2017,0,0,817575228490575872,"Georgia, USA",1446,747,52,1330,False,11661,-3
Thu Nov 02 23:50:10 +0000 2017,0,0,39154171,"New York, NY",187,261,2,56,False,1644,-3
Thu Nov 02 23:50:13 +0000 2017,0,0,485232698,DMV,888,870,12,3076,False,21688,-3
Thu Nov 02 23:50:16 +0000 2017,0,0,188057023,"Frisco, TX",604,401,4,10856,False,15779,-3
Thu Nov 02 23:50:16 +0000 2017,0,0,2833427059,None,229,172,1,3279,False,7958,-3
Thu Nov 02 23:50:17 +0000 2017,0,0,277328912,"shreveport|laffy, la.",2581,881,34,39498,False,188957,-3
Thu Nov 02 23:50:19 +0000 2017,0,0,904794030,None,582,454,0,11810,False,19383,-3
Thu Nov 02 23:50:37 +0000 2017,0,0,2201486737,"Tooele, UT",441,563,0,3757,False,8213,-3
Thu Nov 02 23:50:40 +0000 2017,0,0,867155319536758784,"Brawley, CA",76,78,0,616,False,255,-3
Thu Nov 02 23:50:47 +0000 2017,0,0,2431186778,Rebel Alliance ,486,212,6,3931,False,3547,-3
Thu Nov 02 23:50:49 +0000 2017,0,0,280275055,Watertown,564,367,2,13501,False,22327,-3
Thu Nov 02 23:50:51 +0000 2017,0,0,391566813,JA NYATL,835,815,3,7772,False,39661,-3
Thu Nov 02 23:50:57 +0000 2017,0,0,571376314,probably cryin in da club ,1601,1063,7,18774,False,70400,-3
Thu Nov 02 23:50:58 +0000 2017,0,0,383365645,"Highland, IN",308,275,2,7458,False,11788,-3
Thu Nov 02 23:51:01 +0000 2017,0,0,150425137,"Washington, DC",1216,1749,30,15461,False,71926,-3
Thu Nov 02 23:51:03 +0000 2017,0,0,65824194,None,1236,839,2,1104,False,62682,-3
Thu Nov 02 23:51:12 +0000 2017,0,0,159237447,CT,772,710,8,55,False,31472,-3
Thu Nov 02 23:51:12 +0000 2017,0,0,369821343,None,1143,894,0,5444,False,24207,-3
Thu Nov 02 23:51:14 +0000 2017,0,0,2970628804,Bahamas,441,365,3,6991,False,15649,-3
Thu Nov 02 23:51:15 +0000 2017,0,0,343668328,"Winston-Salem, NC",861,1538,3,1002,False,41432,-3
Thu Nov 02 23:51:17 +0000 2017,0,0,399096995,"Vermilion, OH",419,467,1,8018,False,22680,-3
Thu Nov 02 23:51:19 +0000 2017,0,0,2590123124,ETX903,381,471,1,3579,False,2757,-3
Thu Nov 02 23:51:28 +0000 2017,0,0,580335531,"Stephenville, TX",431,508,1,7026,False,24612,-3
Thu Nov 02 23:51:29 +0000 2017,0,0,363083125,|Accomplishing my aspirationsl,2597,2402,25,25435,False,98861,-3
Thu Nov 02 23:51:35 +0000 2017,0,0,3030688505,None,582,1310,2,2403,False,15828,-3
Thu Nov 02 23:51:35 +0000 2017,0,0,1923244770,None,303,554,0,1050,False,1812,-3
Thu Nov 02 23:51:38 +0000 2017,0,0,2869807664,None,174,181,0,3546,False,2434,-3
Thu Nov 02 23:51:42 +0000 2017,0,0,157043324,"Fort Worth, TX",608,602,4,4559,False,40597,-3
Thu Nov 02 23:51:48 +0000 2017,0,0,749374662740701184,"Orlando, FL",183,151,0,7681,False,5124,-3
Thu Nov 02 23:51:53 +0000 2017,0,0,2869807664,None,174,181,0,3546,False,2435,-3
Thu Nov 02 23:52:03 +0000 2017,0,0,2586082848,stayOUTmydm.. |atltally,1575,872,4,42000,False,64404,-3
Thu Nov 02 23:52:03 +0000 2017,0,0,1873068822,None,329,180,1,3825,False,6174,-3
Thu Nov 02 23:52:05 +0000 2017,0,0,314796830,#llC&K,1842,2478,3,13966,False,43407,-3
Thu Nov 02 23:52:07 +0000 2017,0,0,159237447,CT,772,710,8,55,False,31473,-3
Thu Nov 02 23:52:14 +0000 2017,0,0,182961291,"Dinuba, CA",103,105,0,723,False,2150,-3
Thu Nov 02 23:52:17 +0000 2017,0,0,590498772,"Columbia, SC",723,1038,3,24644,False,4329,-3
Thu Nov 02 23:52:22 +0000 2017,0,0,186184188,"Indianapolis, IN",4197,4116,14,286,False,59053,-3
Thu Nov 02 23:52:24 +0000 2017,0,0,868570688096878592,"Utah, USA",555,575,7,19597,False,20705,-3
Thu Nov 02 23:52:30 +0000 2017,0,0,735907234744393730,"Yukon, OK",128,85,0,2538,False,2889,-3
Thu Nov 02 23:52:34 +0000 2017,0,0,706579506,"dallas, TX",1068,316,13,64037,False,68994,-3
Thu Nov 02 23:52:41 +0000 2017,0,0,25939147,"Worcester, MA",15194,3126,288,1822,False,414601,-3
Thu Nov 02 23:52:55 +0000 2017,0,0,1287193922,tx,606,469,0,8144,False,6262,-3
Thu Nov 02 23:52:56 +0000 2017,0,0,1633803169,"Pennsylvania, USA",445,349,1,3181,False,5412,-3
Thu Nov 02 23:52:57 +0000 2017,0,0,3283672945,None,110,124,0,634,False,1863,-3
Thu Nov 02 23:53:05 +0000 2017,0,0,2248575600,Ohio,941,1315,83,4363,False,6596,-3
Thu Nov 02 23:53:05 +0000 2017,0,0,549751700,d(m)(v)/rva,3684,890,26,27281,False,77680,-3
Thu Nov 02 23:53:13 +0000 2017,0,0,539426021,None,670,1460,43,39997,False,20563,-3
Thu Nov 02 23:53:14 +0000 2017,0,0,1914866599,Killa Cali,16388,8945,94,2083,False,75468,-3
Thu Nov 02 23:53:16 +0000 2017,0,0,202905957,United States,447,444,6,4724,False,42612,-3
Thu Nov 02 23:53:18 +0000 2017,0,0,2508619939,In a palace on a hill,709,388,4,4991,False,17799,-3
Thu Nov 02 23:53:25 +0000 2017,0,0,390924789,"Beaver Falls, PA",401,443,0,3210,False,7340,-3
Thu Nov 02 23:53:32 +0000 2017,0,0,245155638,over the moon,646,509,2,25720,False,40835,-3
Thu Nov 02 23:53:32 +0000 2017,0,0,768321792,"6th floor/214/screw, tx",1569,715,43,30965,False,142427,-3
Thu Nov 02 23:53:41 +0000 2017,0,0,48296690,The Valley,755,687,26,7983,False,36179,-3
Thu Nov 02 23:53:42 +0000 2017,0,0,256273019,None,358,314,1,1099,False,25511,-3
Thu Nov 02 23:53:44 +0000 2017,0,0,931172874,"South Carolina, USA",764,1080,2,274,False,8613,-3
Thu Nov 02 23:53:48 +0000 2017,0,0,65718595,"Waconia, MN",136,241,0,1220,False,2239,-3
Thu Nov 02 23:53:51 +0000 2017,0,0,995844962,SATX,859,772,3,7765,False,46672,-3
Thu Nov 02 23:53:51 +0000 2017,0,0,706579506,"dallas, TX",1068,316,13,64037,False,68994,-3
Thu Nov 02 23:53:52 +0000 2017,0,0,174838211,"29¡ã37'13""N 82¡ã21'26""W",1344,1121,26,1303,False,79275,-3
Thu Nov 02 23:53:58 +0000 2017,0,0,616851281,None,243,374,0,5449,False,6154,-3
Thu Nov 02 23:54:02 +0000 2017,0,0,490467645,"Maine, USA",439,487,0,21289,False,5757,-3
Thu Nov 02 23:54:10 +0000 2017,0,0,311752071,"Gadsden, AL",871,690,2,1994,False,13773,-3
Thu Nov 02 23:54:11 +0000 2017,0,0,433875036,None,206,332,4,29648,False,14897,-3
Thu Nov 02 23:54:18 +0000 2017,0,0,163192488,"New Orleans - Dallas, TX",2698,543,102,1222,False,144704,-3
Thu Nov 02 23:54:19 +0000 2017,0,0,3161059401,RusVegas w/ Yard-Dog,256,145,7,66263,False,3637,-3
Thu Nov 02 23:54:22 +0000 2017,0,0,3235466396,growin...,508,438,2,16202,False,17719,-3
Thu Nov 02 23:54:23 +0000 2017,0,0,350558169,None,1417,975,3,9891,False,155736,-3
Thu Nov 02 23:54:25 +0000 2017,0,0,633296885, charlottesville-radford,1820,1065,5,23942,False,85879,-3
Thu Nov 02 23:54:28 +0000 2017,0,0,46151939,None,279,259,1,5306,False,18796,-3
Thu Nov 02 23:54:30 +0000 2017,0,0,227877986,414,398,342,2,316,False,19617,-3
Thu Nov 02 23:54:30 +0000 2017,0,0,2312656823, w/ my dad,2576,972,3,7787,False,48397,-3
Thu Nov 02 23:54:41 +0000 2017,0,0,1034020088,"West Virginia, USA",81,173,0,249,False,539,-3
Thu Nov 02 23:54:41 +0000 2017,0,0,515044723,"Marysville, PA",133,399,2,923,False,1325,-3
Thu Nov 02 23:54:56 +0000 2017,0,0,1194858954,valparaiso ,269,224,2,15276,False,11726,-3
Thu Nov 02 23:54:59 +0000 2017,0,0,500101371,"Athens, OH",823,653,2,44029,False,18923,-3
Thu Nov 02 23:55:01 +0000 2017,0,0,812706164844744704,"Houston, TX",266,209,3,10171,False,14366,-3
Thu Nov 02 23:55:05 +0000 2017,0,0,21588690,Indianapolis,286,836,7,395,False,24756,-3
Thu Nov 02 23:55:08 +0000 2017,0,0,839283403362992128,None,220,259,0,4210,False,1082,-3
Thu Nov 02 23:55:09 +0000 2017,0,0,2414753671,None,259,308,1,1292,False,4923,-3
Thu Nov 02 23:55:19 +0000 2017,0,0,1267601084,"New York, NY",6846,85,115,1032,False,5181,-3
Thu Nov 02 23:55:20 +0000 2017,0,0,3246869308,None,643,734,2,1542,False,4067,-3
Thu Nov 02 23:55:23 +0000 2017,0,0,284601716,,4248,4585,6,14237,False,92840,-3
Thu Nov 02 23:55:27 +0000 2017,0,0,34613405,NYC,1125,333,25,4493,False,9736,-3
Thu Nov 02 23:55:36 +0000 2017,0,0,441702400,None,578,340,6,1618,False,76632,-3
Thu Nov 02 23:55:38 +0000 2017,0,0,556382864,"Chicagoland, IL",753,1004,51,19380,False,23196,-3
Thu Nov 02 23:55:43 +0000 2017,0,0,1914571038,NJ,4830,341,2,2246,False,4932,-3
Thu Nov 02 23:55:51 +0000 2017,0,0,859494562926141448,La la land,114,412,0,1704,False,408,-3
Thu Nov 02 23:56:04 +0000 2017,0,0,2652475458,"Sheffield, AL",841,577,1,2902,False,29498,-3
Thu Nov 02 23:56:12 +0000 2017,0,0,276757815,Lost in The Sauce,966,592,10,2012,False,74512,-3
Thu Nov 02 23:56:12 +0000 2017,0,0,3231963627,"Delmar, NY",281,359,4,6517,False,1633,-3
Thu Nov 02 23:56:12 +0000 2017,0,0,4846243708,"Virginia Beach, VA",12508,747,112,12206,False,4673,-3
Thu Nov 02 23:56:19 +0000 2017,0,0,1401204650,None,806,765,1,19080,False,7836,-3
Thu Nov 02 23:56:26 +0000 2017,0,0,851699762780942337,"El Paso, TX",206,335,0,1631,False,905,-3
Thu Nov 02 23:56:29 +0000 2017,0,0,912126260754731008,"Owatonna, MN",5915,1800,0,444,False,598,-3
Thu Nov 02 23:56:40 +0000 2017,0,0,724788629403525120,"Mandarin, FL",2006,4945,49,22218,False,38567,-3
Thu Nov 02 23:56:52 +0000 2017,0,0,253291809,None,5052,286,63,22525,False,70226,-3
Thu Nov 02 23:56:54 +0000 2017,0,0,973206444,Tx,2880,1304,5,105341,False,46828,-3
Thu Nov 02 23:56:57 +0000 2017,0,0,85170497,None,1731,1751,6,15780,False,28217,-3
Thu Nov 02 23:57:05 +0000 2017,0,0,724360791600685057,"San Marcos, TX",238,186,0,4334,False,5197,-3
Thu Nov 02 23:57:09 +0000 2017,0,0,327057174,Wisconsin  Ohio,10281,11151,19,8708,False,104990,-3
Thu Nov 02 23:57:11 +0000 2017,0,0,96160252,Born 305  raised 215,1506,1228,4,2166,False,82732,-3
Thu Nov 02 23:57:12 +0000 2017,0,0,231924280,"Pittsburgh, PA",1403,1322,5,24305,False,47083,-3
Thu Nov 02 23:57:13 +0000 2017,0,0,59072479,"in the sky, california ",1120,1223,14,4912,False,30076,-3
Thu Nov 02 23:57:14 +0000 2017,0,0,2897913300,"New Orleans, LA",18926,3479,123,30632,False,202072,-3
Thu Nov 02 23:57:14 +0000 2017,0,0,270169082,"Irving, TX",558,829,2,788,False,1637,-3
Thu Nov 02 23:57:18 +0000 2017,0,0,3232183687,Houston,134,82,1,3124,False,5520,-3
Thu Nov 02 23:57:34 +0000 2017,0,0,20197728,"Keller , Texas ",1847,1991,6,8674,False,74171,-3
Thu Nov 02 23:57:34 +0000 2017,0,0,1551475928,it don't matter bc i'm moving,387,321,7,7605,False,5971,-3
Thu Nov 02 23:57:43 +0000 2017,0,0,329241087,"Los Angeles, CA",512,432,3,774,False,20930,-3
Thu Nov 02 23:57:53 +0000 2017,0,0,1616415320,None,977,455,1,6935,False,7853,-3
Thu Nov 02 23:57:58 +0000 2017,0,0,834872998012149760,None,238,199,0,2486,False,2918,-3
Thu Nov 02 23:58:01 +0000 2017,0,0,743697010801336325,None,357,202,1,1511,False,5421,-3
Thu Nov 02 23:58:04 +0000 2017,0,0,802736938784616448,"Montgomery, AL",180,330,2,646,False,6918,-3
Thu Nov 02 23:58:08 +0000 2017,0,0,4790210730,"Houston, TX",786,868,4,4001,False,10698,-3
Thu Nov 02 23:58:16 +0000 2017,0,0,345662638,"Isla Vista, CA",1398,718,3,88899,False,89962,-3
Thu Nov 02 23:58:28 +0000 2017,0,0,2155994192,"Tuscaloosa, AL",923,2733,8,25112,False,16884,-3
Thu Nov 02 23:58:36 +0000 2017,0,0,55674874,San Diego native...Live in BK,1467,707,27,654,False,84866,-3
Thu Nov 02 23:58:40 +0000 2017,0,0,2202343679,631 to 570 to 843,408,381,0,12139,False,8026,-3
Thu Nov 02 23:58:50 +0000 2017,0,0,165448211,None,2433,2126,13,11667,False,44573,-3
Thu Nov 02 23:58:55 +0000 2017,0,0,235802707,"Silver Spring, MD",1102,954,4,4165,False,59650,-3
Thu Nov 02 23:59:10 +0000 2017,0,0,826717010818170880,The core of the Earth,57,71,1,160,False,844,-3
Thu Nov 02 23:59:13 +0000 2017,0,0,1551475928,it don't matter bc i'm moving,387,321,7,7605,False,5971,-3
Thu Nov 02 23:59:22 +0000 2017,0,0,3855941660,Bay Area,136,115,0,1731,False,1423,-3
Thu Nov 02 23:59:26 +0000 2017,0,0,726942091515850756,"Tennessee, USA",265,193,0,2014,False,2021,-3
Thu Nov 02 23:59:28 +0000 2017,0,0,2696698664,"Enterprise, NV",324,771,2,5848,False,4438,-3
Thu Nov 02 23:59:28 +0000 2017,0,0,799472400,Somewhere In A Gym Hoopin..,1540,2235,8,3715,False,14838,-3
Thu Nov 02 23:59:31 +0000 2017,0,0,2332258652,#chingalingz,723,461,1,9424,False,25056,-3
Thu Nov 02 23:59:33 +0000 2017,0,0,563188995,None,4291,911,3,65375,False,129658,-3
Thu Nov 02 23:59:47 +0000 2017,0,0,89202185,None,547,262,2,11366,False,49385,-3
Fri Nov 03 00:00:02 +0000 2017,0,0,1099383794,michigan,508,160,3,12511,False,36063,-3
Fri Nov 03 00:00:08 +0000 2017,0,0,731496320398020612,"Houma, LA",1163,663,7,6140,False,42978,-3
Fri Nov 03 00:00:09 +0000 2017,0,0,3975637514,"Prairie View, TX",293,218,1,636,False,2571,-3
Fri Nov 03 00:00:12 +0000 2017,0,0,2696698664,"Enterprise, NV",324,771,2,5848,False,4439,-3
Fri Nov 03 00:00:27 +0000 2017,0,0,1714780802,w/ Dante,243,274,0,410,False,4641,-3
Fri Nov 03 00:00:27 +0000 2017,0,0,164419059,"Indian Head, Maryland",1129,1076,38,3134,False,93083,-3
Fri Nov 03 00:00:32 +0000 2017,0,0,3190674186,"Colorado, USA",95,82,0,260,False,5030,-3
Fri Nov 03 00:00:39 +0000 2017,0,0,526135964,"Conway, AR",900,863,6,24114,False,22564,-3
Fri Nov 03 00:00:40 +0000 2017,0,0,2728615769,373,944,942,43,43140,False,108923,-3
Fri Nov 03 00:00:46 +0000 2017,0,0,2379585602,None,382,427,14,2791,False,6807,-3
Fri Nov 03 00:00:52 +0000 2017,0,0,55672008,"New York, NY",451,347,8,24164,False,17415,-3
Fri Nov 03 00:01:06 +0000 2017,0,0,470743546,None,1429,789,5,14009,False,58529,-3
Fri Nov 03 00:01:09 +0000 2017,0,0,273751118,PS:The Sweetest Bitch Ever...,1002,1039,4,11888,False,42288,-3
Fri Nov 03 00:01:11 +0000 2017,0,0,209270896,texas ,491,1101,3,18976,False,6688,-3
Fri Nov 03 00:01:20 +0000 2017,0,0,154334434,"Chico, CA",296,417,3,8580,False,2805,-3
Fri Nov 03 00:01:21 +0000 2017,0,0,722158968173240322,RIP 10.27.17,2584,147,66,18333,False,41362,-3
Fri Nov 03 00:01:24 +0000 2017,0,0,3103182375,None,249,311,2,1943,False,2978,-3
Fri Nov 03 00:01:37 +0000 2017,0,0,2208043982,None,433,449,3,23995,False,4207,-3
Fri Nov 03 00:01:42 +0000 2017,0,0,489955303,"Portland, OR",399,357,4,23445,False,23316,-3
Fri Nov 03 00:01:50 +0000 2017,0,0,591767270,None,98,249,0,2542,False,7657,-3
Fri Nov 03 00:02:04 +0000 2017,0,0,2179428086,"Anderson, CA",300,778,10,14938,False,10182,-3
Fri Nov 03 00:02:12 +0000 2017,0,0,82542357,"San Francisco, CA",24860,3172,20,13608,False,49636,-3
Fri Nov 03 00:02:13 +0000 2017,0,0,2544770954,"Texas, USA",893,611,2,14355,False,11165,-3
Fri Nov 03 00:02:17 +0000 2017,0,0,3065606965,"Reno, Nevada ",175,261,0,1064,False,513,-3
Fri Nov 03 00:02:25 +0000 2017,0,0,2342812272, Made In Flexico ,3053,707,45,103317,False,176829,-3
Fri Nov 03 00:02:28 +0000 2017,0,0,4103687952,"Reed City, MI",228,277,1,4777,False,2521,-3
Fri Nov 03 00:02:29 +0000 2017,0,0,2192139615,"New York, USA",166,160,0,8553,False,14283,-3
Fri Nov 03 00:02:30 +0000 2017,0,0,61543795,happy harbor,601,405,6,2024,False,26862,-3
Fri Nov 03 00:02:32 +0000 2017,0,0,2553484076,"Killeen, TX",2776,1333,1,7194,False,1687,-3
Fri Nov 03 00:02:32 +0000 2017,0,0,393817954,"Covina, CA",747,475,3,5962,False,17235,-3
Fri Nov 03 00:02:34 +0000 2017,0,0,190486509,"Atlanta, GA",2715,910,17,8156,False,81176,-3
Fri Nov 03 00:02:36 +0000 2017,0,0,269048022,318337,2895,2863,7,2185,False,21631,-3
Fri Nov 03 00:02:36 +0000 2017,0,0,407423094,"Valliant, OK",343,293,2,5709,False,8411,-3
Fri Nov 03 00:02:38 +0000 2017,0,0,1700988410,765,1310,471,4,18149,False,75554,-3
Fri Nov 03 00:02:38 +0000 2017,0,0,896142470,"Detroit, MI",1724,1012,6,9033,False,53995,-3
Fri Nov 03 00:02:42 +0000 2017,0,0,278741007,Sea of Tranquility ,1368,1312,4,4745,False,44028,-3
Fri Nov 03 00:02:44 +0000 2017,0,0,3894219365,Burbs ,143,503,0,343,False,385,-3
Fri Nov 03 00:02:44 +0000 2017,0,0,3241945679,"Saytown,TX",486,657,5,7732,False,26833,-3
Fri Nov 03 00:02:48 +0000 2017,0,0,154334434,"Chico, CA",296,417,3,8581,False,2805,-3
Fri Nov 03 00:02:49 +0000 2017,0,0,408966910,"Starkville, MS",648,317,0,913,False,9115,-3
Fri Nov 03 00:02:49 +0000 2017,0,0,1884866059,559,735,516,3,17043,False,14675,-3
Fri Nov 03 00:02:55 +0000 2017,0,0,2834495267,"Chicago, IL",662,369,4,11769,False,33565,-3
Fri Nov 03 00:02:57 +0000 2017,0,0,3373676539,"Troup,Tx",111,192,0,1811,False,705,-3
Fri Nov 03 00:03:05 +0000 2017,0,0,940041607,None,11,19,3,9,False,1557,-3
Fri Nov 03 00:03:11 +0000 2017,0,0,1451362256,None,1466,807,5,1204,False,67931,-3
Fri Nov 03 00:03:15 +0000 2017,0,0,2536271626,Sc : Turooo_1106 ,6689,4790,11,4219,False,13022,-3
Fri Nov 03 00:03:18 +0000 2017,0,0,4028599818,None,2581,1234,17,6395,False,49177,-3
Fri Nov 03 00:03:21 +0000 2017,0,0,418333464,None,267,673,3,7978,False,6189,-3
Fri Nov 03 00:03:22 +0000 2017,0,0,338089833,"Indianapolis, IN",403,389,7,11054,False,17465,-3
Fri Nov 03 00:03:25 +0000 2017,0,0,425443847,Texas,196,312,1,6091,False,5793,-3
Fri Nov 03 00:03:25 +0000 2017,0,0,102517536,"Coquitlam, British Columbia",1456,1080,16,531,False,5981,-3
Fri Nov 03 00:03:26 +0000 2017,0,0,833394619836723202,"avery , tx",174,207,0,4945,False,8730,-3
Fri Nov 03 00:03:28 +0000 2017,0,0,234077595,Development Hell ,752,199,10,39004,False,19729,-3
Fri Nov 03 00:03:49 +0000 2017,0,0,726233586572005376,"Mont Belvieu, TX",397,421,0,6954,False,1036,-3
Fri Nov 03 00:03:49 +0000 2017,0,0,422387109,"Huntsville, AL",656,645,3,1528,False,9615,-3
Fri Nov 03 00:03:58 +0000 2017,0,0,477446383,None,877,708,1,11337,False,8696,-3
Fri Nov 03 00:03:59 +0000 2017,0,0,67437977,"Las Vegas, NV",517,175,2,6937,False,24091,-3
Fri Nov 03 00:04:05 +0000 2017,0,0,840794025569398784,"Las Vegas, NV",156,134,1,11063,False,2151,-3
Fri Nov 03 00:04:12 +0000 2017,0,0,117431619,Miami,1074,886,49,36825,False,77843,-3
Fri Nov 03 00:04:13 +0000 2017,0,0,2593444866,None,575,223,2,147056,False,18355,-3
Fri Nov 03 00:04:19 +0000 2017,0,0,807355517530054656,"California, USA",162,50,1,4323,False,610,-3
Fri Nov 03 00:04:27 +0000 2017,0,0,1107216104,Ohio,223,396,3,5604,False,3651,-3
Fri Nov 03 00:04:38 +0000 2017,0,0,241583474,"San Antonio, TX",491,992,3,9274,False,17605,-3
Fri Nov 03 00:04:40 +0000 2017,0,0,4317953834,"Los Angeles, CA",749,834,0,10045,False,7308,-3
Fri Nov 03 00:04:43 +0000 2017,0,0,3027128370,QUISEWORLD,971,636,35,2412,False,21181,-3
Fri Nov 03 00:04:44 +0000 2017,0,0,481534658,United States,400,109,2,25290,False,12444,-3
Fri Nov 03 00:04:45 +0000 2017,0,0,1380599976,Tiffin,591,1927,9,4838,False,20827,-3
Fri Nov 03 00:04:49 +0000 2017,0,0,418304469,CALIFORNIA ,657,571,6,5143,False,22089,-3
Fri Nov 03 00:05:02 +0000 2017,0,0,788758734,717,960,1106,1,9021,False,32392,-3
Fri Nov 03 00:05:06 +0000 2017,0,0,483364686,Seattle-ish,143,504,14,7890,False,5157,-3
Fri Nov 03 00:05:12 +0000 2017,0,0,636575637,757,2445,2080,0,11057,False,58460,-3
Fri Nov 03 00:05:14 +0000 2017,0,0,2961007797,"New Orleans, LA",161,140,2,98,False,5117,-3
Fri Nov 03 00:05:15 +0000 2017,0,0,931141598,"Stillwater, OK",290,152,0,2682,False,17258,-3
Fri Nov 03 00:05:18 +0000 2017,0,0,2151318224,None,956,460,1,15215,False,29234,-3
Fri Nov 03 00:05:24 +0000 2017,0,0,245067840,"Philadelphia, PA",3100,3065,9,2520,False,27943,-3
Fri Nov 03 00:05:27 +0000 2017,0,0,784782958200758272,None,81,67,0,64,False,34,-3
Fri Nov 03 00:05:29 +0000 2017,0,0,924385567068098560,"Chicago, IL",21,20,0,26,False,29,-3
Fri Nov 03 00:05:32 +0000 2017,0,0,2586082848,stayOUTmydm.. |atltally,1575,872,4,42001,False,64405,-3
Fri Nov 03 00:05:33 +0000 2017,0,0,2914264758,"Houston, TX",1534,602,45,64407,False,34147,-3
Fri Nov 03 00:05:37 +0000 2017,0,0,31541414,"Memphis, TN",3345,3665,119,20289,False,113743,-3
Fri Nov 03 00:05:39 +0000 2017,0,0,788758734,717,960,1106,1,9021,False,32392,-3
Fri Nov 03 00:05:41 +0000 2017,0,0,2436242006,None,997,1299,3,8361,False,11126,-3
Fri Nov 03 00:05:53 +0000 2017,0,0,405744448,"pleasant grove, dallas",675,474,2,2361,False,4004,-3
Fri Nov 03 00:05:53 +0000 2017,0,0,2827386397,None,696,854,1,14644,False,4164,-3
Fri Nov 03 00:05:57 +0000 2017,0,0,794945136971120640,"Houston, TX",476,455,0,5921,False,5056,-3
Fri Nov 03 00:06:00 +0000 2017,0,0,120222157,NJ to Raleigh,256,472,8,1882,False,15275,-3
Fri Nov 03 00:06:05 +0000 2017,0,0,104220969,"Newington, CT",152,154,5,490,False,1150,-3
Fri Nov 03 00:06:10 +0000 2017,0,0,788758734,717,960,1106,1,9021,False,32392,-3
Fri Nov 03 00:06:11 +0000 2017,0,0,759978685956919296,"San Diego, CA",27,165,2,1069,False,1243,-3
Fri Nov 03 00:06:12 +0000 2017,0,0,157833604,Texas,262,363,1,2382,False,10025,-3
Fri Nov 03 00:06:13 +0000 2017,0,0,41353840,NYC / BONAO CITY,112,333,5,1950,False,5103,-3
Fri Nov 03 00:06:16 +0000 2017,0,0,253121186,Heaven,2080,1008,8,776,False,121422,-3
Fri Nov 03 00:06:34 +0000 2017,0,0,380036265,black lives matter,426,1004,6,39152,False,21271,-3
Fri Nov 03 00:06:36 +0000 2017,0,0,902968384756871170,None,82,139,0,84,False,868,-3
Fri Nov 03 00:06:37 +0000 2017,0,0,2946827166,W/ shelby ,669,235,0,22433,False,15772,-3
Fri Nov 03 00:06:40 +0000 2017,0,0,2788464987,"Los Angeles, CA",28,61,0,526,False,120,-3
Fri Nov 03 00:06:47 +0000 2017,0,0,771758004958072832,"Atlanta, GA",789,363,26,422,False,48579,-3
Fri Nov 03 00:06:49 +0000 2017,0,0,464483632,"Boise, ID",158,221,1,2284,False,3051,-3
Fri Nov 03 00:06:51 +0000 2017,0,0,2411812981,"Marrakesh Medina, Morocco",373,527,2,8394,False,5751,-3
Fri Nov 03 00:06:58 +0000 2017,0,0,1217469241,e u g e n e ,347,229,1,5652,False,3238,-3
Fri Nov 03 00:07:03 +0000 2017,0,0,3118947385,"Atlanta, GA",949,634,18,3315,False,56157,-3
Fri Nov 03 00:07:06 +0000 2017,0,0,443819163,"Richmond, VA",1300,1252,3,1741,False,51474,-3
Fri Nov 03 00:07:10 +0000 2017,0,0,3276614316,"Alpharetta, GA",2894,608,8,51948,False,30907,-3
Fri Nov 03 00:07:15 +0000 2017,0,0,499484050,"Philadelphia, PA",862,536,0,3224,False,37736,-3
Fri Nov 03 00:07:17 +0000 2017,0,0,2946827166,W/ shelby ,669,235,0,22434,False,15773,-3
Fri Nov 03 00:07:19 +0000 2017,0,0,626696143,None,432,279,0,6842,False,15035,-3
Fri Nov 03 00:07:20 +0000 2017,0,0,707285553092268032,P5 HELL,111,217,4,17416,False,14709,-3
Fri Nov 03 00:07:21 +0000 2017,0,0,2919896282,None,251,298,1,1191,False,1863,-3
Fri Nov 03 00:07:28 +0000 2017,0,0,540231152,LCC // UO,732,518,4,12236,False,11172,-3
Fri Nov 03 00:07:33 +0000 2017,0,0,1563893018,None,2124,1389,2,2460,False,17086,-3
Fri Nov 03 00:07:35 +0000 2017,0,0,2841881216,"Start, Louisiana",622,720,1,10900,False,3006,-3
Fri Nov 03 00:07:35 +0000 2017,0,0,365039196,"Buffalo, NY",2670,647,14,17745,False,121544,-3
Fri Nov 03 00:07:39 +0000 2017,0,0,38522986,None,493,405,0,21563,False,22080,-3
Fri Nov 03 00:07:40 +0000 2017,0,0,1217047614,None,158,195,1,1342,False,4120,-3
Fri Nov 03 00:07:42 +0000 2017,0,0,1519564064,I live in a box that has wi-fi,555,494,2,3663,False,4648,-3
Fri Nov 03 00:07:45 +0000 2017,0,0,4094719947,None,379,405,1,1193,False,3918,-3
Fri Nov 03 00:07:47 +0000 2017,0,0,1046074255,"Daytona Beach, FL",273,463,0,2703,False,2229,-3
Fri Nov 03 00:07:48 +0000 2017,0,0,2150172150,BADLANDZ,3735,681,14,54266,False,30157,-3
Fri Nov 03 00:08:00 +0000 2017,0,0,857269837,None,613,425,2,26964,False,29090,-3
Fri Nov 03 00:08:00 +0000 2017,0,0,2615942702,in my own world,677,463,7,20066,False,16045,-3
Fri Nov 03 00:08:02 +0000 2017,0,0,2376493166,Vermontopia,275,606,53,18356,False,2213,-3
Fri Nov 03 00:08:03 +0000 2017,0,0,499484050,"Philadelphia, PA",862,536,0,3224,False,37739,-3
Fri Nov 03 00:08:25 +0000 2017,0,0,2225982720,"San Francisco, CA",598,474,11,14867,False,19398,-3
Fri Nov 03 00:08:30 +0000 2017,0,0,3155839112,"South Carolina, USA",461,99,4,5591,False,4113,-3
Fri Nov 03 00:08:30 +0000 2017,0,0,512591203,None,4358,3860,7,899,False,109239,-3
Fri Nov 03 00:08:39 +0000 2017,0,0,191704182,Philly,382,440,1,1586,False,21908,-3
Fri Nov 03 00:08:42 +0000 2017,0,0,911178375393370112,"Massachusetts, USA",170,338,2,14804,False,497,-3
Fri Nov 03 00:08:45 +0000 2017,0,0,565694339,NYC,555,381,7,5630,False,14660,-3
Fri Nov 03 00:08:55 +0000 2017,0,0,2167817636,"Seaside, CA",898,696,1,4963,False,15941,-3
Fri Nov 03 00:08:59 +0000 2017,0,0,389795675,None,535,516,1,2853,False,43190,-3
Fri Nov 03 00:09:07 +0000 2017,0,0,228977643,None,335,200,2,3675,False,10472,-3
Fri Nov 03 00:09:09 +0000 2017,0,0,256830163,Michigan,328,349,6,4983,False,10777,-3
Fri Nov 03 00:09:21 +0000 2017,0,0,3105087901,"Sarasota, FL",864,474,28,831,False,3398,-3
Fri Nov 03 00:09:33 +0000 2017,0,0,894545270,None,689,380,3,13354,False,4461,-3
Fri Nov 03 00:09:37 +0000 2017,0,0,614041085,"Detroit, MI",2085,1060,32,29736,False,66226,-3
Fri Nov 03 00:09:44 +0000 2017,0,0,3793709774,None,546,532,0,1695,False,1775,-3
Fri Nov 03 00:09:51 +0000 2017,0,0,177964385,.....FindMEE,408,304,0,526,False,39494,-3
Fri Nov 03 00:09:52 +0000 2017,0,0,201026762,"Chico, CA",1349,176,11,133864,False,128631,-3
Fri Nov 03 00:10:00 +0000 2017,0,0,2421257578,None,464,530,5,3561,False,5260,-3
Fri Nov 03 00:10:05 +0000 2017,0,0,364379918,434 / 757,328,257,3,27846,False,13912,-3
Fri Nov 03 00:10:13 +0000 2017,0,0,436197589,None,132,131,0,748,False,2053,-3
Fri Nov 03 00:10:18 +0000 2017,0,0,3295154277,In The Lab ,127,128,3,930,False,2426,-3
Fri Nov 03 00:10:21 +0000 2017,0,0,38721809,Where God Wants Me To Be,285,439,6,1530,False,3413,-3
Fri Nov 03 00:10:24 +0000 2017,0,0,384070892,"zone 15, cincinnati oh ",6422,4247,21,39617,False,178188,-3
Fri Nov 03 00:10:36 +0000 2017,0,0,293295161,Phx,1672,827,11,14564,False,98215,-3
Fri Nov 03 00:10:37 +0000 2017,0,0,1097181956,Atlanta,3694,2189,988,27838,False,20798,-3
Fri Nov 03 00:10:38 +0000 2017,0,0,63172807,Crackron,486,445,5,4804,False,18788,-3
Fri Nov 03 00:10:40 +0000 2017,0,0,2363984650,#queenmoimoutbang,1172,920,1,14638,False,46196,-3
Fri Nov 03 00:10:40 +0000 2017,0,0,1631616254,None,473,408,0,1316,False,11464,-3
Fri Nov 03 00:10:47 +0000 2017,0,0,21756682,"The QC, Sunset, Charleston",114,401,0,193,False,2071,-3
Fri Nov 03 00:10:47 +0000 2017,0,0,2170927296,"Dallass, Texass",4400,3088,31,16369,False,23808,-3
Fri Nov 03 00:10:48 +0000 2017,0,0,599063929,None,657,345,3,12429,False,40804,-3
Fri Nov 03 00:10:49 +0000 2017,0,0,5723252,"Philadelphia, PA, USA",2552,3073,109,9521,False,137108,-3
Fri Nov 03 00:10:51 +0000 2017,0,0,946677114,"Utah, USA",163,173,1,8625,False,637,-3
Fri Nov 03 00:10:52 +0000 2017,0,0,18697390,Chicago,2278,1633,91,1695,False,72686,-3
Fri Nov 03 00:10:53 +0000 2017,0,0,795792478909714436,"Atlanta, GA",6414,5150,5,6148,False,15357,-3
Fri Nov 03 00:11:01 +0000 2017,0,0,3159534210,None,645,633,2,12549,False,19178,-3
Fri Nov 03 00:11:02 +0000 2017,0,0,722322493,Doing what makes me happy.,1000,815,2,2633,False,3470,-3
Fri Nov 03 00:11:03 +0000 2017,0,0,353129024,nola2houstonback2nola,3658,1390,15,14795,False,84252,-3
Fri Nov 03 00:11:09 +0000 2017,0,0,364379918,434 / 757,328,257,3,27846,False,13912,-3
Fri Nov 03 00:11:14 +0000 2017,0,0,715767123923042305,United States,455,699,4,18573,False,9810,-3
Fri Nov 03 00:11:19 +0000 2017,0,0,2564655155,eastside okc ok ,963,777,5,9289,False,31644,-3
Fri Nov 03 00:11:34 +0000 2017,0,0,1320317886,None,142,149,1,7977,False,1929,-3
Fri Nov 03 00:11:45 +0000 2017,0,0,364379918,434 / 757,328,257,3,27846,False,13912,-3
Fri Nov 03 00:11:49 +0000 2017,0,0,1711722680,None,103,92,0,1204,False,952,-3
Fri Nov 03 00:12:04 +0000 2017,0,0,468867858,None,376,731,0,2824,False,2370,-3
Fri Nov 03 00:12:05 +0000 2017,0,0,1064028780,None,416,406,5,15380,False,15396,-3
Fri Nov 03 00:12:07 +0000 2017,0,0,2255628224,somewhere w cam ,558,838,3,11297,False,6631,-3
Fri Nov 03 00:12:13 +0000 2017,0,0,795792478909714436,"Atlanta, GA",6414,5150,3,6148,False,15358,-3
Fri Nov 03 00:12:16 +0000 2017,0,0,2264725044,in the trees,4092,3357,17,7808,False,104708,-3
Fri Nov 03 00:12:23 +0000 2017,0,0,640093,"Morgantown, WV",744,1114,38,66898,False,104883,-3
Fri Nov 03 00:12:24 +0000 2017,0,0,1385727672,Canes ,904,447,10,21818,False,99627,-3
Fri Nov 03 00:12:40 +0000 2017,0,0,224702499,Dominica,1568,728,15,15994,False,25025,-3
Fri Nov 03 00:12:45 +0000 2017,0,0,3140904306,704 ,2275,1789,39,18777,False,137085,-3
Fri Nov 03 00:12:46 +0000 2017,0,0,714917674891882496,"California, USA",180,284,2,7057,False,1229,-3
Fri Nov 03 00:12:50 +0000 2017,0,0,33046168,"Durham, Ontario",968,467,10,46458,False,31792,-3
Fri Nov 03 00:12:55 +0000 2017,0,0,2419977930,#blacklivesmatter,1072,1592,3,11324,False,16958,-3
Fri Nov 03 00:12:59 +0000 2017,0,0,1483241168,Limbo,387,284,8,40773,False,59314,-3
Fri Nov 03 00:13:01 +0000 2017,0,0,1552494835,Ontario Canada ,7156,6670,214,12640,False,51271,-3
Fri Nov 03 00:13:02 +0000 2017,0,0,745473875945754624,"San Antonio, TX",44,62,1,820,False,570,-3
Fri Nov 03 00:13:05 +0000 2017,0,0,2195187692,None,216,287,1,6539,False,2253,-3
Fri Nov 03 00:13:11 +0000 2017,0,0,1945789044,Minong Wisconsin,241,283,5,2972,False,9201,-3
Fri Nov 03 00:13:15 +0000 2017,0,0,62247056,SATX-HTX,920,565,15,59865,False,77819,-3
Fri Nov 03 00:13:17 +0000 2017,0,0,312646168,24 | Indy ,620,229,0,8567,False,24958,-3
Fri Nov 03 00:13:18 +0000 2017,0,0,99618296,205 CokeOven Huntsville,1024,896,11,1098,False,14980,-3
Fri Nov 03 00:13:18 +0000 2017,0,0,2887723007,Canada,96,302,1,4411,False,3149,-3
Fri Nov 03 00:13:22 +0000 2017,0,0,1056251718,"Haltom City, TX",1298,225,1,17331,False,34506,-3
Fri Nov 03 00:13:24 +0000 2017,0,0,3292247740,None,645,483,0,9560,False,5948,-3
Fri Nov 03 00:13:24 +0000 2017,0,0,2914121840,"New Orleans, LA",170,610,0,1696,False,2540,-3
Fri Nov 03 00:13:27 +0000 2017,0,0,2959424356,rossville,502,397,0,8551,False,1509,-3
Fri Nov 03 00:13:30 +0000 2017,0,0,229233052,"Palm Bay, FL",192,216,2,3855,False,9765,-3
Fri Nov 03 00:13:31 +0000 2017,0,0,241997283,hTx,1545,822,4,580,False,79254,-3
Fri Nov 03 00:13:33 +0000 2017,0,0,20497223,Los Angeles,5036,593,100,4816,False,15323,-3
Fri Nov 03 00:13:45 +0000 2017,0,0,405649601,Atlanta,12629,296,48,29439,False,46891,-3
Fri Nov 03 00:13:52 +0000 2017,0,0,327553577,TN,1251,172,12,152,False,99065,-3
Fri Nov 03 00:13:52 +0000 2017,0,0,162094771,"Moline, IL",1384,643,1,13455,False,31194,-3
Fri Nov 03 00:13:53 +0000 2017,0,0,205107212,Chicago,1005,981,16,40174,False,23894,-3
Fri Nov 03 00:13:54 +0000 2017,0,0,615433670,"Teocaltiche, Jalisco",787,362,0,14580,False,16338,-3
Fri Nov 03 00:13:56 +0000 2017,0,0,2725499348,None,201,219,1,1928,False,6823,-3
Fri Nov 03 00:13:58 +0000 2017,0,0,404513626,"Minnesota, USA",209,454,4,3853,False,6614,-3
Fri Nov 03 00:14:00 +0000 2017,0,0,2914121840,"New Orleans, LA",170,610,0,1696,False,2540,-3
Fri Nov 03 00:14:12 +0000 2017,0,0,902908317076406273,None,37,40,0,50,False,72,-3
Fri Nov 03 00:14:14 +0000 2017,0,0,321613370,"Tampa, FL",1710,1226,7,4166,False,41895,-3
Fri Nov 03 00:14:23 +0000 2017,0,0,569712831,None,1747,706,3,1418,False,48041,-3
Fri Nov 03 00:14:27 +0000 2017,0,0,507437974,"Washington, DC",654,258,6,3486,False,20101,-3
Fri Nov 03 00:14:28 +0000 2017,0,0,1576700767,"St George, UT",549,1020,1,5138,False,3582,-3
Fri Nov 03 00:14:30 +0000 2017,0,0,3928834161,None,153,135,0,1958,False,276,-3
Fri Nov 03 00:14:42 +0000 2017,0,0,452560448,"Boise, ID",1983,668,14,19948,False,15637,-3
Fri Nov 03 00:14:45 +0000 2017,0,0,284392438,"Atlanta, GA",208,323,8,1916,False,4938,-3
Fri Nov 03 00:14:49 +0000 2017,0,0,287938637,None,640,310,2,7784,False,58742,-3
Fri Nov 03 00:15:01 +0000 2017,0,0,385710809,#N2M,1414,2139,76,6804,False,4118,-3
Fri Nov 03 00:15:01 +0000 2017,0,0,2989034255,Chad Reeds Attic,108,105,0,813,False,3093,-3
Fri Nov 03 00:15:03 +0000 2017,0,0,829872863092076544,TXGA,511,442,3,9715,False,2909,-3
Fri Nov 03 00:15:07 +0000 2017,0,0,363135405,"Da Boot to Dallas,Tx",3269,922,10,8579,False,118137,-3
Fri Nov 03 00:15:07 +0000 2017,0,0,2348768736,"Taylor, TX",717,925,3,13588,False,9278,-3
Fri Nov 03 00:15:18 +0000 2017,0,0,450246583,None,888,518,1,2751,False,6291,-3
Fri Nov 03 00:15:19 +0000 2017,0,0,2298157718,"College Station, TX",4339,3853,7,22059,False,14697,-3
Fri Nov 03 00:15:19 +0000 2017,0,0,4862028110,"Charleston, WV",159,1094,1,1274,False,3128,-3
Fri Nov 03 00:15:25 +0000 2017,0,0,922662727,None,49,295,3,16,False,679,-3
Fri Nov 03 00:15:32 +0000 2017,0,0,112626667,"LA, California ",3519,3747,20,7807,False,58515,-3
Fri Nov 03 00:15:36 +0000 2017,0,0,787322885274738688,None,67,90,3,3889,False,3271,-3
Fri Nov 03 00:15:47 +0000 2017,0,0,241997283,hTx,1545,822,4,580,False,79257,-3
Fri Nov 03 00:15:47 +0000 2017,0,0,2568034739,"Virginia Beach, VA",724,1063,0,1271,False,4965,-3
Fri Nov 03 00:15:52 +0000 2017,0,0,1898466380,g county  409 ,1110,785,3,6869,False,11228,-3
Fri Nov 03 00:15:58 +0000 2017,0,0,187821215,"Texas, USA",692,561,3,2341,False,50447,-3
Fri Nov 03 00:16:03 +0000 2017,0,0,89224469,DALLAS TX,920,850,11,5527,False,32207,-3
Fri Nov 03 00:16:04 +0000 2017,0,0,23449948,"Astoria, NY",387,204,11,4442,False,2706,-3
Fri Nov 03 00:16:04 +0000 2017,0,0,219742283,"Phoenix, AZ",541,448,4,1830,False,39555,-3
Fri Nov 03 00:16:06 +0000 2017,0,0,1665820645,"Phoenix, AZ",293,294,2,5071,False,2280,-3
Fri Nov 03 00:16:08 +0000 2017,0,0,3093698424,"Cleveland, OH  ",2378,4929,32,23934,False,132265,-3
Fri Nov 03 00:16:10 +0000 2017,0,0,2867232321,"New Rochelle, NY",263,311,0,20036,False,8916,-3
Fri Nov 03 00:16:12 +0000 2017,0,0,331993198,"Ohio, USA",1161,536,9,39911,False,58148,-3
Fri Nov 03 00:16:15 +0000 2017,0,0,414849786,None,881,435,0,10735,False,7550,-3
Fri Nov 03 00:16:21 +0000 2017,0,0,355315736,ATL,1332,515,6,27306,False,27907,-3
Fri Nov 03 00:16:25 +0000 2017,0,0,2223793892,"Frisco, TX",2347,747,7,39111,False,6961,-3
Fri Nov 03 00:16:26 +0000 2017,0,0,164856987,Chico State,553,513,3,8240,False,18281,-3
Fri Nov 03 00:16:29 +0000 2017,0,0,17532763,Austin,75,143,4,144,False,1249,-3
Fri Nov 03 00:16:35 +0000 2017,0,0,925640053,Disneyland ,1520,2193,30,126169,False,71928,-3
Fri Nov 03 00:16:35 +0000 2017,0,0,579347369,None,418,396,2,5411,False,16752,-3
Fri Nov 03 00:16:39 +0000 2017,0,0,2822486966,"Clemson, SC",462,605,3,15549,False,7979,-3
Fri Nov 03 00:16:43 +0000 2017,0,0,430215249,"Moore, OK",255,274,3,5192,False,5788,-3
Fri Nov 03 00:16:43 +0000 2017,0,0,2184034301,None,668,629,0,5775,False,5206,-3
Fri Nov 03 00:16:52 +0000 2017,0,0,168823813,"Dallas, TX",1194,1114,10,1799,False,84820,-3
Fri Nov 03 00:16:56 +0000 2017,0,0,724788629403525120,"Mandarin, FL",2006,4945,49,22220,False,38573,-3
Fri Nov 03 00:16:57 +0000 2017,0,0,175893196,"Cleveland216,Ohio",2737,2471,64,7083,False,93758,-3
Fri Nov 03 00:17:02 +0000 2017,0,0,144143564,"Springfield, Illinois",1384,916,85,573,False,6941,-3
Fri Nov 03 00:17:11 +0000 2017,0,0,53854418,"West Indianapolis,IN #TFE",1524,87,7,758,False,41811,-3
Fri Nov 03 00:17:16 +0000 2017,0,0,412464115,St. Louis - Columbia,685,602,4,3331,False,7262,-3
Fri Nov 03 00:17:17 +0000 2017,0,0,223188959,United States,1192,1258,0,9291,False,27704,-3
Fri Nov 03 00:17:25 +0000 2017,0,0,2451877967,"Columbus, OH",1086,808,0,1828,False,6632,-3
Fri Nov 03 00:17:33 +0000 2017,0,0,33288579,"Detroit, MI",2245,1633,4,16607,False,90438,-3
Fri Nov 03 00:17:54 +0000 2017,0,0,2737773524,None,195,302,2,801,False,430,-3
Fri Nov 03 00:17:54 +0000 2017,0,0,49370157,The Southbay,2131,815,11,8389,False,13823,-3
Fri Nov 03 00:18:01 +0000 2017,0,0,2486051252,"Louisville, KY",1268,310,1,3104,False,25127,-3
Fri Nov 03 00:18:02 +0000 2017,0,0,2393548531,None,54,36,1,2316,False,719,-3
Fri Nov 03 00:18:10 +0000 2017,0,0,298886916,"Valparaiso, IN",2596,1803,21,38141,False,36461,-3
Fri Nov 03 00:18:11 +0000 2017,0,0,47695096,NYC,4535,564,104,660,False,301699,-3
Fri Nov 03 00:18:18 +0000 2017,0,0,1965261678,"Texas, USA",522,426,0,6909,False,4106,-3
Fri Nov 03 00:18:18 +0000 2017,0,0,347654742,Morioh,2748,2326,7,9924,False,70861,-3
Fri Nov 03 00:18:36 +0000 2017,0,0,1284848582,None,748,881,18,3446,False,5960,-3
Fri Nov 03 00:18:37 +0000 2017,0,0,2604360234,Hell,303,267,0,1861,False,2548,-3
Fri Nov 03 00:18:45 +0000 2017,0,0,3158400223,None,127,120,1,2295,False,6255,-3
Fri Nov 03 00:18:49 +0000 2017,0,0,512848995,"New York, NY ",2780,361,46,583701,False,22808,-3
Fri Nov 03 00:18:49 +0000 2017,0,0,706158319933779968,"Ontario, Canada",154,185,0,46721,False,21455,-3
Fri Nov 03 00:18:50 +0000 2017,0,0,324133684,Kenyonc¨¨ Bitch,2431,1942,6,17262,False,56662,-3
Fri Nov 03 00:18:57 +0000 2017,0,0,497522284,Pluto,1229,386,9,5601,False,30390,-3
Fri Nov 03 00:19:04 +0000 2017,0,0,3058367462,bath high school,389,371,1,3172,False,3413,-3
Fri Nov 03 00:19:10 +0000 2017,0,0,772084608,"Hampton, VA",1378,875,2,18990,False,16072,-3
Fri Nov 03 00:19:11 +0000 2017,0,0,331710264,South Carolina,1462,896,4,2153,False,25948,-3
Fri Nov 03 00:19:12 +0000 2017,0,0,2150172150,BADLANDZ,3735,681,14,54266,False,30158,-3
Fri Nov 03 00:19:14 +0000 2017,0,0,141070721,"Memphis, TN",3540,946,14,17699,False,104464,-3
Fri Nov 03 00:19:14 +0000 2017,0,0,39363198,Buena Park,41,158,1,169,False,137,-3
Fri Nov 03 00:19:16 +0000 2017,0,0,14603349,"New York, NY",586,897,16,3247,False,39822,-3
Fri Nov 03 00:19:20 +0000 2017,0,0,613407540,"peach farm, USA",4127,536,101,219666,False,115204,-3
Fri Nov 03 00:19:24 +0000 2017,0,0,77825719,MQT.,390,326,13,27944,False,21930,-3
Fri Nov 03 00:19:29 +0000 2017,0,0,2777307509,"Ohio, USA",585,237,0,3563,False,1124,-3
Fri Nov 03 00:19:33 +0000 2017,0,0,251828055,"Salem, IL  Murray, KY",712,765,3,9265,False,4243,-3
Fri Nov 03 00:19:34 +0000 2017,0,0,2725348044,None,186,193,4,2806,False,3886,-3
Fri Nov 03 00:19:34 +0000 2017,0,0,863983544,"Detroit, MI ",1286,873,3,2502,False,28904,-3
Fri Nov 03 00:19:35 +0000 2017,0,0,334023326,"San Antonio, TX",411,639,1,1384,False,9865,-3
Fri Nov 03 00:19:46 +0000 2017,0,0,590952596,828 - NCAT ,2865,2272,7,17174,False,61135,-3
Fri Nov 03 00:19:48 +0000 2017,0,0,501081976,"North Carolina, USA",317,333,1,2467,False,9116,-3
Fri Nov 03 00:19:52 +0000 2017,0,0,595065019,Kentucky. ,951,896,5,8882,False,8311,-3
Fri Nov 03 00:20:03 +0000 2017,0,0,574835934,texass,1182,505,8,20144,False,24077,-3
Fri Nov 03 00:20:04 +0000 2017,0,0,557182002,DM me your credit card number ,2489,486,29,94201,False,159353,-3
Fri Nov 03 00:20:05 +0000 2017,0,0,2216820035,None,432,225,1,2831,False,2246,-3
Fri Nov 03 00:20:08 +0000 2017,0,0,14925111,"Montreal, Quebec",6874,155,48,665,False,8633,-3
Fri Nov 03 00:20:19 +0000 2017,0,0,491656392,None,1318,908,3,9370,False,59799,-3
Fri Nov 03 00:20:19 +0000 2017,0,0,54463824,None,810,570,2,1580,False,53933,-3
Fri Nov 03 00:20:27 +0000 2017,0,0,724788629403525120,"Mandarin, FL",2006,4945,49,22220,False,38575,-3
Fri Nov 03 00:20:34 +0000 2017,0,0,36411828,Baltimore ,2715,1978,5,2448,False,173271,-3
Fri Nov 03 00:20:43 +0000 2017,0,0,1887058531,None,342,457,4,21734,False,5749,-3
Fri Nov 03 00:20:45 +0000 2017,0,0,184012283,"New York, NY/London, UK",1514,966,11,1737,False,78053,-3
Fri Nov 03 00:20:48 +0000 2017,0,0,1109384666,Colorado,284,429,0,6599,False,1400,-3
Fri Nov 03 00:20:52 +0000 2017,0,0,808097675358957568,None,48,185,0,130,False,37,-3
Fri Nov 03 00:20:54 +0000 2017,0,0,270169082,"Irving, TX",558,830,2,797,False,1644,-3
Fri Nov 03 00:20:54 +0000 2017,0,0,57380856,Winston-Salem State University,1924,1232,5,6210,False,28401,-3
Fri Nov 03 00:20:56 +0000 2017,0,0,97187811,Chicago ,599,476,13,655,False,20418,-3
Fri Nov 03 00:20:58 +0000 2017,0,0,355059506,RIP Mom ,717,450,3,6818,False,27634,-3
Fri Nov 03 00:21:00 +0000 2017,0,0,48140371,None,615,261,2,18086,False,30746,-3
Fri Nov 03 00:21:00 +0000 2017,0,0,858355102670766080,United States,306,73,0,30244,False,11799,-3
Fri Nov 03 00:21:09 +0000 2017,0,0,3234346503,"Trotwood, OH",617,526,3,2882,False,10150,-3
Fri Nov 03 00:21:11 +0000 2017,0,0,46711586,"Laval, Qu¨¦bec",401,610,9,10871,False,5496,-3
Fri Nov 03 00:21:17 +0000 2017,0,0,880883127312424962,"New York, USA",4643,4699,6,38887,False,22342,-3
Fri Nov 03 00:21:19 +0000 2017,0,0,2638025787,Southern Louisiana,1430,1762,29,37622,False,26211,-3
Fri Nov 03 00:21:20 +0000 2017,0,0,2331336272,"Buckley, WA",619,349,1,14224,False,9844,-3
Fri Nov 03 00:21:26 +0000 2017,0,0,1061814080,"Yuma, AZ",133,128,0,184,False,157,-3
Fri Nov 03 00:21:27 +0000 2017,0,0,890675186978234368,Maryland ,195,335,0,485,False,1722,-3
Fri Nov 03 00:21:39 +0000 2017,0,0,3303001856,None,164,520,1,284,False,958,-3
Fri Nov 03 00:21:47 +0000 2017,0,0,81232065,None,398,422,1,10785,False,12165,-3
Fri Nov 03 00:21:49 +0000 2017,0,0,66801043,"Louisiana, USA",615,249,1,3710,False,39581,-3
Fri Nov 03 00:21:50 +0000 2017,0,0,795792478909714436,"Atlanta, GA",6414,5150,3,6150,False,15363,-3
Fri Nov 03 00:21:51 +0000 2017,0,0,737379037157285889,"Texas, USA",182,131,0,1675,False,1873,-3
Fri Nov 03 00:21:53 +0000 2017,0,0,229536819,"Hazlehurst,MS",864,987,3,1029,False,26616,-3
Fri Nov 03 00:21:54 +0000 2017,0,0,2227442041,"Albany, NY",562,881,4,23982,False,11676,-3
Fri Nov 03 00:21:55 +0000 2017,0,0,30571771,OHFLGATX,4831,2341,79,9384,False,302776,-3
Fri Nov 03 00:21:57 +0000 2017,0,0,1109384666,Colorado,284,429,0,6599,False,1400,-3
Fri Nov 03 00:21:57 +0000 2017,0,0,2663458146,"Philadelphia, PA",406,385,2,9891,False,9335,-3
Fri Nov 03 00:22:09 +0000 2017,0,0,446104121,DM[V]  Louisville ,1832,814,26,75655,False,107860,-3
Fri Nov 03 00:22:23 +0000 2017,0,0,91929764,None,80,111,2,1592,False,3017,-3
Fri Nov 03 00:22:26 +0000 2017,0,0,1075471765,"Fl Keys, west palm & tally",505,418,1,18204,False,33815,-3
Fri Nov 03 00:22:28 +0000 2017,0,0,874822526,"Colorado Springs, CO",801,508,6,14789,False,3891,-3
Fri Nov 03 00:22:30 +0000 2017,0,0,65824194,None,1237,839,2,1106,False,62686,-3
Fri Nov 03 00:22:35 +0000 2017,0,0,27351610,D(M)V Raised. VT Living.,943,1500,6,5004,False,8033,-3
Fri Nov 03 00:22:41 +0000 2017,0,0,3142220690,"Wichita, KS",222,174,0,2231,False,1198,-3
Fri Nov 03 00:22:43 +0000 2017,0,0,2300187157,UC Davis,175,240,1,11488,False,3111,-3
Fri Nov 03 00:22:44 +0000 2017,0,0,1262240461,"Cookeville, Tn",248,749,3,4010,False,1756,-3
Fri Nov 03 00:22:44 +0000 2017,0,0,4087076182,North Carolina,348,433,8,94,False,13405,-3
Fri Nov 03 00:22:47 +0000 2017,0,0,3396316923,Drakes bedroom,73,269,1,23,False,211,-3
Fri Nov 03 00:22:51 +0000 2017,0,0,261269132,New York,1453,696,22,28370,False,27268,-3
Fri Nov 03 00:22:54 +0000 2017,0,0,626459576,South Carolina,1039,1541,9,12745,False,21246,-3
Fri Nov 03 00:22:59 +0000 2017,0,0,623341062,"Macomb, MI",1211,767,5,30322,False,48018,-3
Fri Nov 03 00:23:14 +0000 2017,0,0,1130109954,Copperas cove TX ,351,895,0,5157,False,1761,-3
Fri Nov 03 00:23:16 +0000 2017,0,0,559862893,"San Antonio, TX",578,2020,11,5869,False,9243,-3
Fri Nov 03 00:23:29 +0000 2017,0,0,967178622,"Brooklyn, NY",2157,148,7,585,False,2051,-3
Fri Nov 03 00:23:31 +0000 2017,0,0,1387785308,None,1139,698,3,3814,False,9466,-3
Fri Nov 03 00:23:38 +0000 2017,0,0,606796111,"North Tonawanda, NY",219,159,2,2052,False,6690,-3
Fri Nov 03 00:23:39 +0000 2017,0,0,503695512,"Whitesboro, NY",268,537,6,4403,False,7749,-3
Fri Nov 03 00:23:41 +0000 2017,0,0,167777703,probably with carlo ,573,651,3,42812,False,28207,-3
Fri Nov 03 00:23:43 +0000 2017,0,0,1634241096,"Elizabethtown, KY",237,263,0,1822,False,3065,-3
Fri Nov 03 00:23:45 +0000 2017,0,0,1359679099,None,455,406,1,3956,False,7079,-3
Fri Nov 03 00:23:57 +0000 2017,0,0,1666876927,None,278,236,0,21750,False,16158,-3
Fri Nov 03 00:23:57 +0000 2017,0,0,514963120,"Oklahoma, USA",1086,1391,6,13229,False,23550,-3
Fri Nov 03 00:23:59 +0000 2017,0,0,19579501,where them tornados be buggin,18626,10924,714,317944,False,447790,-3
Fri Nov 03 00:24:07 +0000 2017,0,0,2583087114,Snapchat: Jaredhutton1,385,309,0,1879,False,6810,-3
Fri Nov 03 00:24:12 +0000 2017,0,0,5415352,"Brooklyn, NY",1674,2197,163,40074,False,234313,-3
Fri Nov 03 00:24:12 +0000 2017,0,0,807254697190957056,"Los Angeles, CA",112,442,0,2248,False,2182,-3
Fri Nov 03 00:24:18 +0000 2017,0,0,921592147,"Raceland, LA",2835,2858,4,8346,False,56684,-3
Fri Nov 03 00:24:30 +0000 2017,0,0,514963120,"Oklahoma, USA",1086,1391,6,13229,False,23550,-3
Fri Nov 03 00:24:33 +0000 2017,0,0,34697981,"New Hampshire, USA",523,396,13,6805,False,19138,-3
Fri Nov 03 00:24:37 +0000 2017,0,0,29776543,"New York, NY",195,357,5,6547,False,11649,-3
Fri Nov 03 00:24:37 +0000 2017,0,0,1976383602,United States,299,157,9,512,False,35576,-3
Fri Nov 03 00:24:51 +0000 2017,0,0,328302892,None,1700,1016,7,5200,False,63200,-3
Fri Nov 03 00:24:52 +0000 2017,0,0,3252883344,"Farmington, MO",478,972,2,7211,False,3476,-3
Fri Nov 03 00:25:00 +0000 2017,0,0,1688695284,Southside DC With Your BD ,1149,951,7,1995,False,43803,-3
Fri Nov 03 00:25:19 +0000 2017,0,0,103006031,"PG County, Murrland",1696,1476,22,17247,False,86896,-3
Fri Nov 03 00:25:20 +0000 2017,0,0,523728238,"Columbus, OH",367,244,2,5416,False,13746,-3
Fri Nov 03 00:25:21 +0000 2017,0,0,1270593091,"Lyons, NY",639,740,2,2771,False,8267,-3
Fri Nov 03 00:25:21 +0000 2017,0,0,771006932719067137,None,671,524,15,31243,False,16823,-3
Fri Nov 03 00:25:22 +0000 2017,0,0,563418927,None,617,455,6,6304,False,64603,-3
Fri Nov 03 00:25:28 +0000 2017,0,0,3354947331,TEXAS,2508,702,16,32748,False,26419,-3
Fri Nov 03 00:25:29 +0000 2017,0,0,1929564698,None,1448,1735,1,5237,False,30403,-3
Fri Nov 03 00:25:31 +0000 2017,0,0,334188213,None,1158,1332,3,1840,False,16948,-3
Fri Nov 03 00:25:42 +0000 2017,0,0,4862028110,"Charleston, WV",159,1094,1,1292,False,3143,-3
Fri Nov 03 00:25:50 +0000 2017,0,0,805634272308633600,"Houston, TX",143,134,0,427,False,1114,-3
Fri Nov 03 00:25:52 +0000 2017,0,0,3116252241,Michigan,1130,1507,24,36808,False,55014,-3
Fri Nov 03 00:25:55 +0000 2017,0,0,155020766,"Ottawa, Ontario",822,526,62,13813,False,63212,-3
Fri Nov 03 00:25:57 +0000 2017,0,0,67529607,L.A ,644,228,13,315,False,39344,-3
Fri Nov 03 00:26:02 +0000 2017,0,0,4855651220,Fallbrook California,663,920,20,11484,False,6664,-3
Fri Nov 03 00:26:02 +0000 2017,0,0,4855651220,Fallbrook California,663,920,20,11484,False,6664,-3
Fri Nov 03 00:26:07 +0000 2017,0,0,20750843,"Boston, USA and Burbage, UK",158,297,10,2512,False,4122,-3
Fri Nov 03 00:26:09 +0000 2017,0,0,447301871,detroit ,2463,1672,4,19809,False,76116,-3
Fri Nov 03 00:26:11 +0000 2017,0,0,408199916,"Westwood, Los Angeles",471,398,4,13681,False,5965,-3
Fri Nov 03 00:26:11 +0000 2017,0,0,25635468,"Las Vegas, NV",572,535,10,25247,False,28299,-3
Fri Nov 03 00:26:31 +0000 2017,0,0,393020890,"Greensboro, NC",2027,1492,6,4731,False,35431,-3
Fri Nov 03 00:26:36 +0000 2017,0,0,487208961,"Ventura, CA",281,234,1,4937,False,2012,-3
Fri Nov 03 00:26:39 +0000 2017,0,0,797456846214852608,ohio ,667,550,2,15732,False,10739,-3
Fri Nov 03 00:26:43 +0000 2017,0,0,44775307,"Philadelphia, PA",596,650,0,2902,False,49410,-3
Fri Nov 03 00:26:45 +0000 2017,0,0,4644208157,"Louisville, KY",31,130,0,693,False,162,-3
Fri Nov 03 00:26:49 +0000 2017,0,0,2176398874,"Columbus, OH",1886,1028,12,136871,False,91822,-3
Fri Nov 03 00:26:55 +0000 2017,0,0,36856308,None,797,601,1,13719,False,18683,-3
Fri Nov 03 00:26:56 +0000 2017,0,0,2251413754,None,344,185,1,52347,False,4647,-3
Fri Nov 03 00:26:59 +0000 2017,0,0,808376403947204608,None,366,440,1,2927,False,6246,-3
Fri Nov 03 00:26:59 +0000 2017,0,0,162948979,DTX  LBC,4327,839,59,2168,False,143694,-3
Fri Nov 03 00:27:06 +0000 2017,0,0,2877246575,"Frankfort, IL",1335,1219,8,46259,False,7518,-3
Fri Nov 03 00:27:11 +0000 2017,0,0,479977764,west virginia,530,663,1,4806,False,12105,-3
Fri Nov 03 00:27:13 +0000 2017,0,0,4862028110,"Charleston, WV",159,1094,1,1295,False,3144,-3
Fri Nov 03 00:27:24 +0000 2017,0,0,832325533,None,90,300,0,882,False,1888,-3
Fri Nov 03 00:27:27 +0000 2017,0,0,738844296,"Wind Lake, WI",438,789,2,11921,False,5745,-3
Fri Nov 03 00:27:28 +0000 2017,0,0,800168541060108288,"Phoenix, AZ",465,222,8,27764,False,22222,-3
Fri Nov 03 00:27:49 +0000 2017,0,0,400527689,"Hangover Park, IL",719,614,7,10488,False,13197,-3
Fri Nov 03 00:27:49 +0000 2017,0,0,14209511,"Westchester, NY",212,731,10,23139,False,4014,-3
Fri Nov 03 00:28:01 +0000 2017,0,0,2239688519,None,1019,803,1,2298,False,35152,-3
Fri Nov 03 00:28:02 +0000 2017,0,0,2329848949,bay area ,351,226,0,9310,False,4670,-3
Fri Nov 03 00:28:05 +0000 2017,0,0,257639768,sunshineee stateee ,2312,1642,8,733,False,37479,-3
Fri Nov 03 00:28:06 +0000 2017,0,0,782776723,yay area/the 2HOE9 ,630,256,6,13848,False,10466,-3
Fri Nov 03 00:28:08 +0000 2017,0,0,589360294,None,3133,1616,3,8704,False,38727,-3
Fri Nov 03 00:28:24 +0000 2017,0,0,1416991524,None,433,404,0,10665,False,5602,-3
Fri Nov 03 00:28:34 +0000 2017,0,0,3087405666,"Palm Coast, FL",1176,937,4,5020,False,5345,-3
Fri Nov 03 00:28:35 +0000 2017,0,0,381780337,SC: TyniaKeshaee,1967,1752,2,7521,False,70732,-3
Fri Nov 03 00:28:35 +0000 2017,0,0,15535595,"Brooklyn, NY",9621,970,477,96289,True,55006,-3
Fri Nov 03 00:28:37 +0000 2017,0,0,4865092947,Minnesnowta,383,315,4,3798,False,2578,-3
Fri Nov 03 00:28:54 +0000 2017,0,0,2218503762,"Flagstaff, AZ",227,320,4,2772,False,6805,-3
Fri Nov 03 00:28:55 +0000 2017,0,0,3309858974,Los Angeles // San Francisco,195,143,1,1088,False,1154,-3
Fri Nov 03 00:28:59 +0000 2017,0,0,1031803454,$AN FRAN MI$$ION,837,390,9,5041,False,38279,-3
Fri Nov 03 00:29:03 +0000 2017,0,0,40329791,"Hanover, IN",710,1716,37,28844,False,68508,-3
Fri Nov 03 00:29:06 +0000 2017,0,0,535608254,None,983,648,4,904,False,62051,-3
Fri Nov 03 00:29:06 +0000 2017,0,0,1335662389,"Austin, TX",177,100,1,2223,False,1047,-3
Fri Nov 03 00:29:09 +0000 2017,0,0,2547242198,ATLANTA,469,426,0,1682,False,5468,-3
Fri Nov 03 00:29:18 +0000 2017,0,0,1038627769,Queen City,979,729,5,12701,False,26123,-3
Fri Nov 03 00:29:32 +0000 2017,0,0,40114935,Hub City ,443,264,2,6723,False,13609,-3
Fri Nov 03 00:29:33 +0000 2017,0,0,2705830977,718 ,225,359,1,2239,False,2178,-3
Fri Nov 03 00:29:37 +0000 2017,0,0,726936668247199744,"Houston, TX",116,74,1,2070,False,15436,-3
Fri Nov 03 00:29:40 +0000 2017,0,0,3253279068,somewhere being loved by many,374,290,0,1011,False,4032,-3
Fri Nov 03 00:29:41 +0000 2017,0,0,746062388,None,158,209,0,197,False,151,-3
Fri Nov 03 00:29:51 +0000 2017,0,0,2298023138,"Denver, Co",45,148,0,88,False,228,-3
Fri Nov 03 00:29:58 +0000 2017,0,0,2545173024,"San Jose, CA",2942,2157,129,39324,False,47519,-3
Fri Nov 03 00:30:02 +0000 2017,0,0,3040135259,None,607,331,6,11448,False,29724,-3
Fri Nov 03 00:30:06 +0000 2017,0,0,850510506,"Victorville, CA",2614,2902,8,19901,False,79221,-3
Fri Nov 03 00:30:07 +0000 2017,0,0,829018902155911169,DMV | 757,18639,14096,181,90,False,2237,-3
Fri Nov 03 00:30:13 +0000 2017,0,0,1302235724,"Rocklin, CA",706,478,3,28925,False,7115,-3
Fri Nov 03 00:30:19 +0000 2017,0,0,308799727,"San Antonio, TX",1172,531,7,9072,False,58466,-3
Fri Nov 03 00:30:21 +0000 2017,0,0,34178174,Hogwarts Neverland ,1073,2542,15,13657,False,21699,-3
Fri Nov 03 00:30:22 +0000 2017,0,0,1855449084,"West Virginia, USA",1174,158,7,23408,False,23461,-3
Fri Nov 03 00:30:22 +0000 2017,0,0,815483833,"Akron, OH",207,435,1,1907,False,3984,-3
Fri Nov 03 00:30:28 +0000 2017,0,0,2409531242,"Cincinnati, OH",2541,997,8,28434,False,23581,-3
Fri Nov 03 00:30:44 +0000 2017,0,0,251963716,dallas ,1798,681,8,790,False,63394,-3
Fri Nov 03 00:30:49 +0000 2017,0,0,53681729,Fort Lauderdale,390,731,0,2461,False,1749,-3
Fri Nov 03 00:31:02 +0000 2017,0,0,37332617,None,253,270,1,12832,False,26323,-3
Fri Nov 03 00:31:13 +0000 2017,0,0,1059157386,None,1630,437,4,49364,False,55635,-3
Fri Nov 03 00:31:15 +0000 2017,0,0,276384653,None,600,195,3,5791,False,13887,-3
Fri Nov 03 00:31:17 +0000 2017,0,0,2825394247,pnw,215,249,0,30074,False,1002,-3
Fri Nov 03 00:31:25 +0000 2017,0,0,79907050,I'm a junkie for sun ,188,190,0,54,False,29967,-3
Fri Nov 03 00:31:26 +0000 2017,0,0,502640542,Chuy ,606,1016,1,3982,False,27353,-3
Fri Nov 03 00:31:26 +0000 2017,0,0,309318036,None,1765,272,16,32069,False,67538,-3
Fri Nov 03 00:31:28 +0000 2017,0,0,1206707749,None,1804,1831,44,4770,False,17788,-3
Fri Nov 03 00:31:35 +0000 2017,0,0,1486214887,"Charlotte, NC",754,664,5,13928,False,38168,-3
Fri Nov 03 00:31:40 +0000 2017,0,0,56776753," West Chicago, IL",3477,3719,9,5571,False,21553,-3
Fri Nov 03 00:31:40 +0000 2017,0,0,2696698664,"Enterprise, NV",324,771,1,5848,False,4442,-3
Fri Nov 03 00:31:45 +0000 2017,0,0,37092054,Capitola. CA,297,258,71,5236,False,17296,-3
Fri Nov 03 00:31:54 +0000 2017,0,0,858785942,"Nora,Va",229,430,0,9175,False,3063,-3
Fri Nov 03 00:32:00 +0000 2017,0,0,106960239,"Tampa, FL",94,85,11,243,False,8101,-3
Fri Nov 03 00:32:02 +0000 2017,0,0,538046151,"Fayetteville, AR",1060,477,2,6404,False,50475,-3
Fri Nov 03 00:32:03 +0000 2017,0,0,25943105,NYC ,1145,189,8,12521,False,21063,-3
Fri Nov 03 00:32:12 +0000 2017,0,0,2248983155,3rd & Derb,728,999,0,6673,False,7477,-3
Fri Nov 03 00:32:13 +0000 2017,0,0,45231138,"Where You Wannabe, Fl. ",231,412,17,1831,False,33694,-3
Fri Nov 03 00:32:32 +0000 2017,0,0,96522604,"West Covina, Ca",495,181,1,1085,False,1890,-3
Fri Nov 03 00:32:36 +0000 2017,0,0,2908419925,ballin or rappin,580,438,3,2681,False,3344,-3
Fri Nov 03 00:32:39 +0000 2017,0,0,3166668153,None,1100,597,8,2661,False,27627,-3
Fri Nov 03 00:32:44 +0000 2017,0,0,844329372,Unavailable,2843,2864,3,14424,False,38227,-3
Fri Nov 03 00:32:50 +0000 2017,0,0,3230191513,"Los Banos, CA",200,295,0,478,False,2029,-3
Fri Nov 03 00:32:56 +0000 2017,0,0,2349661952,"Redondo Beach, CA",168,411,3,11203,False,3750,-3
Fri Nov 03 00:33:01 +0000 2017,0,0,727204374854905856,"Cocoa, FL",288,168,0,566,False,349,-3
Fri Nov 03 00:33:06 +0000 2017,0,0,1636149464,Paris,161,260,7,9502,False,4685,-3
Fri Nov 03 00:33:06 +0000 2017,0,0,2261728507,Burnandearn,514,118,3,11805,False,15591,-3
Fri Nov 03 00:33:08 +0000 2017,0,0,1953234554,Gig'em ,961,967,1,6920,False,1375,-3
Fri Nov 03 00:33:09 +0000 2017,0,0,2977572829,Nola | 20 ,204,379,0,1703,False,12429,-3
Fri Nov 03 00:33:10 +0000 2017,0,0,2827029180,None,564,633,0,6177,False,5787,-3
Fri Nov 03 00:33:11 +0000 2017,0,0,76489942,None,515,186,4,6249,False,30088,-3
Fri Nov 03 00:33:14 +0000 2017,0,0,806628036997062656,"Washington, USA",120,121,0,19797,False,6153,-3
Fri Nov 03 00:33:14 +0000 2017,0,0,13840162,"Boston, MAOlive Branch, MS",677,1035,30,6070,False,55975,-3
Fri Nov 03 00:33:15 +0000 2017,0,0,756615084109987840,"Fort Worth, TX",79,127,0,1336,False,493,-3
Fri Nov 03 00:33:18 +0000 2017,0,0,832509998,Nova Southeastern University,245,378,1,1679,False,1550,-3
Fri Nov 03 00:33:47 +0000 2017,0,0,503961258,None,582,995,1,6543,False,4212,-3
Fri Nov 03 00:33:47 +0000 2017,0,0,2890176081,None,137,93,4,4342,False,9785,-3
Fri Nov 03 00:33:58 +0000 2017,0,0,1960829089,None,414,480,0,6103,False,1957,-3
Fri Nov 03 00:34:01 +0000 2017,0,0,3771222617,"Ohio, USA",128,131,0,2516,False,4151,-3
Fri Nov 03 00:34:09 +0000 2017,0,0,3732181460,on the come up,381,467,0,3797,False,9048,-3
Fri Nov 03 00:34:09 +0000 2017,0,0,522018265,"Monterey Park, CA",482,306,2,13570,False,9140,-3
Fri Nov 03 00:34:19 +0000 2017,0,0,2697296068,"Lowell, MA, USA",1647,1146,15,29533,False,31159,-3
Fri Nov 03 00:34:21 +0000 2017,0,0,1406649685,"Cheney, WA",1327,1466,6,16230,False,7597,-3
Fri Nov 03 00:34:23 +0000 2017,0,0,14003912,so-fla,415,983,36,6508,False,24616,-3
Fri Nov 03 00:34:24 +0000 2017,0,0,881299999,None,381,691,0,1803,False,1711,-3
Fri Nov 03 00:34:31 +0000 2017,0,0,2556592955,TX & KS,1265,1166,1,5233,False,8019,-3
Fri Nov 03 00:35:00 +0000 2017,0,0,334842081,happy!,3052,1950,6,8108,False,85396,-3
Fri Nov 03 00:35:01 +0000 2017,0,0,462448849,None,330,376,0,8500,False,6572,-3
Fri Nov 03 00:35:03 +0000 2017,0,0,563188995,None,4291,911,3,65375,False,129659,-3
Fri Nov 03 00:35:12 +0000 2017,0,0,4347118753,None,119,115,0,6681,False,729,-3
Fri Nov 03 00:35:16 +0000 2017,0,0,388047253,None,1777,1058,1,34,False,62035,-3
Fri Nov 03 00:35:18 +0000 2017,0,0,232090921,None,740,813,10,5135,False,28433,-3
Fri Nov 03 00:35:29 +0000 2017,0,0,621564897,"Los Angeles, CA",1151,228,1,7755,False,9396,-3
Fri Nov 03 00:35:36 +0000 2017,0,0,197245794,"Illinois, USA",580,379,2,4955,False,9656,-3
Fri Nov 03 00:35:39 +0000 2017,0,0,473367686,None,310,230,1,5583,False,34002,-3
Fri Nov 03 00:35:42 +0000 2017,0,0,408886609,New York,1198,974,9,21167,False,10749,-3
Fri Nov 03 00:35:45 +0000 2017,0,0,923304440,GVSU ,691,447,3,21230,False,16092,-3
Fri Nov 03 00:35:48 +0000 2017,0,0,575617243,ganymede,269,472,9,10235,False,2827,-3
Fri Nov 03 00:35:54 +0000 2017,0,0,1969755258,Minot | Grand Forks,399,344,0,43359,False,10023,-3
Fri Nov 03 00:35:55 +0000 2017,0,0,986914525,None,1321,834,1,7462,False,8422,-3
Fri Nov 03 00:36:04 +0000 2017,0,0,963625280,None,346,93,1,124,False,1738,-3
Fri Nov 03 00:36:05 +0000 2017,0,0,2319881646,None,1080,789,4,20335,False,56903,-3
Fri Nov 03 00:36:08 +0000 2017,0,0,56236046,hall of justice / atlantis,507,478,1,27970,False,23688,-3
Fri Nov 03 00:36:13 +0000 2017,0,0,2935587650,C A ,138,209,1,1252,False,1848,-3
Fri Nov 03 00:36:15 +0000 2017,0,0,2774549428,None,129,310,1,578,False,1150,-3
Fri Nov 03 00:36:16 +0000 2017,0,0,532747470,baltimore and sometimes boston,142,182,4,28549,False,39515,-3
Fri Nov 03 00:36:20 +0000 2017,0,0,718323587342536704,"Tallahassee, FL",732,767,5,11427,False,16999,-3
Fri Nov 03 00:36:28 +0000 2017,0,0,446351637,United States,227,668,1,2379,False,5116,-3
Fri Nov 03 00:36:32 +0000 2017,0,0,2216587544,"Long Beach, NY",200,458,0,77,False,12656,-3
Fri Nov 03 00:36:37 +0000 2017,0,0,174598378,"San Antonio, TX",635,492,4,1785,False,26764,-3
Fri Nov 03 00:36:44 +0000 2017,0,0,484209199,None,2776,2047,10,15364,False,85762,-3
Fri Nov 03 00:36:46 +0000 2017,0,0,774695868733595649,"Port Lavaca, TX",258,165,0,1340,False,2562,-3
Fri Nov 03 00:36:48 +0000 2017,0,0,3328340614,"St Bernard Fairgrounds, NOLA",868,444,0,3087,False,13714,-3
Fri Nov 03 00:36:49 +0000 2017,0,0,29468849,None,130,358,3,2900,False,1715,-3
Fri Nov 03 00:36:49 +0000 2017,0,0,56352860,In ya head...rent free!,532,613,5,262,False,20050,-3
Fri Nov 03 00:36:53 +0000 2017,0,0,409462223,"Houston, TX",305,329,4,2751,False,5141,-3
Fri Nov 03 00:36:58 +0000 2017,0,0,170916574,"Detroit,MI ",1756,1704,2,15831,False,78229,-3
Fri Nov 03 00:37:03 +0000 2017,0,0,2766324113,None,3590,2094,70,91611,False,121861,-3
Fri Nov 03 00:37:12 +0000 2017,0,0,631514000,enfp-t ,456,925,15,57066,False,40524,-3
Fri Nov 03 00:37:13 +0000 2017,0,0,1368638893,headbanging in Washington,512,394,4,15366,False,18762,-3
Fri Nov 03 00:37:14 +0000 2017,0,0,281238008,None,549,482,0,721,False,18594,-3
Fri Nov 03 00:37:14 +0000 2017,0,0,546965449,None,409,326,5,14059,False,16318,-3
Fri Nov 03 00:37:19 +0000 2017,0,0,2889854908,None,125,340,0,384,False,2134,-3
Fri Nov 03 00:37:20 +0000 2017,0,0,734460228,"Byt - Houston , Tx ",552,273,3,9349,False,54917,-3
Fri Nov 03 00:37:23 +0000 2017,0,0,3106048344,san francisco,232,168,20,8719,False,12723,-3
Fri Nov 03 00:37:25 +0000 2017,0,0,296041470,snapchat : navildilone,1194,567,5,2579,False,31671,-3
Fri Nov 03 00:37:31 +0000 2017,0,0,310100068,"Monroe, LA  Dallas, TX",9002,6910,18,32277,False,254286,-3
Fri Nov 03 00:37:32 +0000 2017,0,0,712789020,ionia  kalamazoo,187,321,4,13452,False,9287,-3
Fri Nov 03 00:37:32 +0000 2017,0,0,2290364641,Duncanville-Austin,1429,2967,5,46655,False,20426,-3
Fri Nov 03 00:37:33 +0000 2017,0,0,2228892252,"Memphis, TN",8684,2032,11,12127,False,46497,-3
Fri Nov 03 00:37:38 +0000 2017,0,0,200204403,"Sleepy Hollow/ Bronx, NY ",1507,457,6,10040,False,20733,-3
Fri Nov 03 00:37:42 +0000 2017,0,0,158800195,None,515,145,1,16363,False,29220,-3
Fri Nov 03 00:37:56 +0000 2017,0,0,2800926733,bopped to the top,355,386,0,10958,False,6323,-3
Fri Nov 03 00:37:56 +0000 2017,0,0,3227813376,"Los Angeles, CA",266,295,1,7503,False,6101,-3
Fri Nov 03 00:38:13 +0000 2017,0,0,868399885329903617,"Tucson, AZ",129,243,0,2585,False,900,-3
Fri Nov 03 00:38:20 +0000 2017,0,0,337275491,AR870LA318,3847,2719,7,5535,False,55859,-3
Fri Nov 03 00:38:21 +0000 2017,0,0,756059515,Bessemer.,5934,1984,3,3086,False,80494,-3
Fri Nov 03 00:38:31 +0000 2017,0,0,54972191,"Greenville, South Carolina",2064,2025,10,9230,False,68306,-3
Fri Nov 03 00:38:32 +0000 2017,0,0,2522361125,None,342,316,0,690,False,138,-3
Fri Nov 03 00:38:33 +0000 2017,0,0,258641669,"Nigerian, born in Dallas, ATX ",1843,1137,39,4537,False,224895,-3
Fri Nov 03 00:38:35 +0000 2017,0,0,302767094,None,571,596,2,12740,False,14441,-3
Fri Nov 03 00:38:36 +0000 2017,0,0,4500988573,"Corona, CA",1091,910,16,26345,False,28804,-3
Fri Nov 03 00:38:38 +0000 2017,0,0,233685992,"Yay Area, CA",680,395,7,76686,False,32261,-3
Fri Nov 03 00:38:39 +0000 2017,0,0,563188995,None,4291,911,3,65376,False,129661,-3
Fri Nov 03 00:38:44 +0000 2017,0,0,337427999,None,6097,1730,7,12743,False,77075,-3
Fri Nov 03 00:38:45 +0000 2017,0,0,2758904879,None,426,257,2,4197,False,5606,-3
Fri Nov 03 00:38:54 +0000 2017,0,0,1273533854,None,667,690,5,4232,False,10610,-3
Fri Nov 03 00:38:58 +0000 2017,0,0,796425287697244160,"California, USA",56,90,0,1262,False,512,-3
Fri Nov 03 00:39:01 +0000 2017,0,0,765855277,Austin & Baylee,396,351,3,7511,False,5385,-3
Fri Nov 03 00:39:08 +0000 2017,0,0,1631247272,"Fort Worth, TX",841,592,1,7640,False,7142,-3
Fri Nov 03 00:39:16 +0000 2017,0,0,485612118,None,263,153,0,8079,False,15229,-3
Fri Nov 03 00:39:23 +0000 2017,0,0,265173215,beach volleyball,1064,475,1,9095,False,8077,-3
Fri Nov 03 00:39:26 +0000 2017,0,0,769990580,"Woodbridge, VA",350,288,1,2930,False,3968,-3
Fri Nov 03 00:39:28 +0000 2017,0,0,2516631020,,1048,809,0,3625,False,9078,-3
Fri Nov 03 00:39:37 +0000 2017,0,0,245108230,Denver.                    ,628,279,4,888,False,13068,-3
Fri Nov 03 00:39:38 +0000 2017,0,0,1147218578,"Selah, WA",598,724,3,14878,False,7393,-3
Fri Nov 03 00:39:44 +0000 2017,0,0,3082132746,"Corona, CA",193,129,1,4645,False,2920,-3
Fri Nov 03 00:39:45 +0000 2017,0,0,2522361125,None,342,316,0,690,False,138,-3
Fri Nov 03 00:39:51 +0000 2017,0,0,2283884915,"Bronx, NY",733,177,6,3642,False,3322,-3
Fri Nov 03 00:39:57 +0000 2017,0,0,355094520,None,593,471,2,4993,False,27549,-3
Fri Nov 03 00:39:57 +0000 2017,0,0,2341534628,None,279,203,3,5032,False,12238,-3
Fri Nov 03 00:39:59 +0000 2017,0,0,83896295,"Charleston, IL",535,326,2,12266,False,22821,-3
Fri Nov 03 00:40:01 +0000 2017,0,0,4862028110,"Charleston, WV",159,1094,1,1305,False,3154,-3
Fri Nov 03 00:40:01 +0000 2017,0,0,299805398,sheppardjim11aol.com,153,341,1,4480,False,9542,-3
Fri Nov 03 00:40:03 +0000 2017,0,0,3462177614,"New Orleans, LA  Houston Tx",5814,4365,5,574,False,13743,-3
Fri Nov 03 00:40:03 +0000 2017,0,0,243028087,CA / NYC,479,420,5,20195,False,14150,-3
Fri Nov 03 00:40:04 +0000 2017,0,0,874369310717870080,Los Angeles ,16,50,0,443,False,1005,-3
Fri Nov 03 00:40:09 +0000 2017,0,0,307108831,Atlanta/Dallas ,974,305,2,27719,False,72851,-3
Fri Nov 03 00:40:29 +0000 2017,0,0,2453584290,"Baton Rouge, LA",843,724,1,2437,False,20558,-3
Fri Nov 03 00:40:30 +0000 2017,0,0,822625033,Paradise,261,59,8,5220,False,53701,-3
Fri Nov 03 00:40:39 +0000 2017,0,0,4601991735,None,412,580,2,839,False,2517,-3
