created_at,favorite_count,retweet_count,id_str,location,followers_count,friends_count,listed_count,favourites_count,verified,statuses_count,label
Thu Nov 02 22:17:18 +0000 2017,0,0,452485874,"Mobile, AL",1198,789,7,1969,False,47627,-1
Thu Nov 02 22:17:21 +0000 2017,0,0,58974969,"Nashville, TN",7937,5934,16,12467,False,18527,-1
Thu Nov 02 22:17:23 +0000 2017,0,0,780029523609919488,"Tampa, FL",188,149,0,309,False,1461,-1
Thu Nov 02 23:30:34 +0000 2017,0,0,1631616254,None,473,408,0,1316,False,11452,-1
Thu Nov 02 23:30:39 +0000 2017,0,0,1066539205,Germany,520,295,4,20366,False,39561,-1
Thu Nov 02 23:30:44 +0000 2017,0,0,565768582,PNW,240,406,0,3585,False,8963,-1
Thu Nov 02 23:31:00 +0000 2017,0,0,25538545,818 | Los Angeles ,1991,637,38,4254,False,42071,-1
Thu Nov 02 23:31:03 +0000 2017,0,0,498498369,None,272,227,0,275,False,928,-1
Thu Nov 02 23:31:22 +0000 2017,0,0,321820909,DFW,6314,864,46,13622,False,47273,-1
Thu Nov 02 23:31:28 +0000 2017,0,0,53440836,"Vancouver, WA",466,440,0,90,False,31079,-1
Thu Nov 02 23:31:28 +0000 2017,0,0,3740644161,None,374,810,0,3463,False,3177,-1
Thu Nov 02 23:31:29 +0000 2017,0,0,2845644134,"louisville, louisville",963,664,3,2533,False,18393,-1
Thu Nov 02 23:31:35 +0000 2017,0,0,634734888,"Chicago, IL",94173,1949,1617,124314,True,26767,-1
Thu Nov 02 23:31:57 +0000 2017,0,0,998024191,"St Louis, MO",630,1039,2,2232,False,12443,-1
Thu Nov 02 23:32:04 +0000 2017,0,0,1160756714,Tx,16058,13090,39,126916,False,80448,-1
Thu Nov 02 23:32:13 +0000 2017,0,0,2405550162,"Chicago, IL ",2647,4616,12,19735,False,20509,-1
Thu Nov 02 23:32:15 +0000 2017,0,0,3076113403,None,1356,721,7,8563,False,22061,-1
Thu Nov 02 23:32:19 +0000 2017,0,0,788852097131307008,None,196,156,0,3024,False,6556,-1
Thu Nov 02 23:32:22 +0000 2017,0,0,560715375,Lindsay California.,876,549,4,4179,False,36106,-1
Thu Nov 02 23:41:00 +0000 2017,0,0,27398039,brooklyn.,414,619,3,899,False,21368,-1
Thu Nov 02 23:41:02 +0000 2017,0,0,861742164035997696,WV,693,406,0,27965,False,21861,-1
Thu Nov 02 23:41:19 +0000 2017,0,0,2343982364,"San Diego, CA",179,170,9,56341,False,31631,-1
Thu Nov 02 23:41:23 +0000 2017,0,0,2257168771,None,873,620,2,3002,False,34086,-1
Thu Nov 02 23:41:24 +0000 2017,0,0,632259858,"North Canton, OH",1746,3772,1,10754,False,14192,-1
Thu Nov 02 23:41:24 +0000 2017,0,0,173738731,504214  #DillardUniversity ,1464,2533,21,7862,False,95745,-1
Thu Nov 02 23:41:26 +0000 2017,0,0,237988562,None,1290,1199,8,249,False,57150,-1
Thu Nov 02 23:41:29 +0000 2017,0,0,3253126700,"Kelso, WA",345,229,0,2817,False,912,-1
Thu Nov 02 23:41:37 +0000 2017,0,0,710263123135963137,"Houston, TX",418,264,1,2533,False,2463,-1
Thu Nov 02 23:41:44 +0000 2017,0,0,3350186704,None,268,165,1,13696,False,4849,-1
Thu Nov 02 23:42:00 +0000 2017,0,0,374857880,"Pennsylvania, USA",1471,874,23,19471,False,67635,-1
Thu Nov 02 23:42:17 +0000 2017,0,0,1865732604,"Carson, CA",576,603,1,14638,False,17140,-1
Thu Nov 02 23:42:23 +0000 2017,0,0,1035396506,"Texas, USA",794,855,0,16566,False,13663,-1
Thu Nov 02 23:42:26 +0000 2017,0,0,2518576082,Yucca Valley CA,629,405,1,17450,False,23610,-1
Thu Nov 02 23:42:27 +0000 2017,0,0,2914965162,9/20/17,551,943,3,11200,False,10086,-1
Thu Nov 02 23:42:37 +0000 2017,0,0,711760050,219 ,615,414,3,4894,False,9071,-1
Thu Nov 02 23:42:47 +0000 2017,0,0,882367684838662145,"Florida, USA",224,667,1,16312,False,3733,-1
Thu Nov 02 23:42:53 +0000 2017,0,0,706957153555185664,"Houston, TX",529,549,3,872,False,3186,-1
Thu Nov 02 23:43:03 +0000 2017,0,0,780619547652915200,"Roselle , NJ",52,75,0,202,False,227,-1
Thu Nov 02 23:43:04 +0000 2017,0,0,139902482,"Moss Point, MS / Ole Miss ",2099,1202,26,13247,False,286060,-1
Thu Nov 02 23:43:07 +0000 2017,0,0,911269674,"Colorado Springs, CO",1347,1082,5,12735,False,26312,-1
Thu Nov 02 23:43:09 +0000 2017,0,0,151633137,"San Jose, CA",322,318,10,2805,False,9499,-1
Thu Nov 02 23:43:20 +0000 2017,0,0,878773677873090560,"Maryland, USA",157,139,0,811,False,4616,-1
Thu Nov 02 23:43:21 +0000 2017,0,0,2176398874,"Columbus, OH",1886,1028,12,136868,False,91820,-1
Thu Nov 02 23:43:38 +0000 2017,0,0,208721757,HTX,2754,972,26,3522,False,126169,-1
Thu Nov 02 23:43:45 +0000 2017,0,0,438769607,Florida,753,759,3,862,False,2215,-1
Thu Nov 02 23:43:52 +0000 2017,0,0,591713913,"Bakersfield, CA",1192,916,2,16895,False,33747,-1
Thu Nov 02 23:43:54 +0000 2017,0,0,746837172079079425,Cle,105,100,0,1260,False,1859,-1
Thu Nov 02 23:43:57 +0000 2017,0,0,484079443,"East Hartford, CT",704,327,4,13768,False,16197,-1
Thu Nov 02 23:44:11 +0000 2017,0,0,1397575501,None,390,414,2,5272,False,17578,-1
Thu Nov 02 23:44:14 +0000 2017,0,0,172350767,"Houston, TX",3109,554,29,62,False,60198,-1
Thu Nov 02 23:44:26 +0000 2017,0,0,86955984,None,418,646,3,1050,False,30049,-1
Thu Nov 02 23:44:36 +0000 2017,0,0,313617330,None,801,676,3,1104,False,74614,-1
Thu Nov 02 23:44:46 +0000 2017,0,0,618880854,None,694,497,1,3040,False,11759,-1
Thu Nov 02 23:44:51 +0000 2017,0,0,388720770,"Tempe, Az",586,362,7,5965,False,38048,-1
Thu Nov 02 23:45:13 +0000 2017,0,0,427940218,"Houston, TX",335,217,3,9169,False,1577,-1
Thu Nov 02 23:45:34 +0000 2017,0,0,48414468,"Williamsburg, VA",527,668,57,134,False,67398,-1
Thu Nov 02 23:45:36 +0000 2017,0,0,319388880,"Los Angeles, CA",166,109,0,397,False,966,-1
Thu Nov 02 23:45:39 +0000 2017,0,0,60682345,Somewhere Pimpin' ,1137,757,6,5243,False,36766,-1
Thu Nov 02 23:45:41 +0000 2017,0,0,82756807,None,1344,1172,1,1059,False,53936,-1
Thu Nov 02 23:45:50 +0000 2017,0,0,517117919,prospering,1058,819,18,13785,False,67762,-1
Thu Nov 02 23:45:51 +0000 2017,0,0,830618347809153024,"Chicago, IL",200,192,0,364,False,1082,-1
Thu Nov 02 23:45:53 +0000 2017,0,0,1061834100,254,14202,9569,70,49046,False,9216,-1
Thu Nov 02 23:45:57 +0000 2017,0,0,770838722,None,313,333,8,7440,False,17657,-1
Thu Nov 02 23:46:04 +0000 2017,0,0,505058425,None,832,239,6,13672,False,36653,-1
Thu Nov 02 23:46:09 +0000 2017,0,0,1629258236,None,1208,353,16,30279,False,19779,-1
Thu Nov 02 23:46:09 +0000 2017,0,0,875839496939548672,None,4,80,0,819,False,103,-1
Thu Nov 02 23:46:13 +0000 2017,0,0,2937440652,"Memphis, TN",697,806,0,1056,False,5843,-1
Thu Nov 02 23:46:18 +0000 2017,0,0,618523492,New britain CT/ New london CT,1094,1076,3,3030,False,31297,-1
Thu Nov 02 23:46:30 +0000 2017,0,0,2363543826,"napping, tx",536,1024,2,4621,False,23532,-1
Thu Nov 02 23:46:51 +0000 2017,0,0,836408582,"Belmont, NC",978,751,1,14294,False,23536,-1
Thu Nov 02 23:46:58 +0000 2017,0,0,34830893,"Washington, DC",367,887,18,586,False,7512,-1
Thu Nov 02 23:47:04 +0000 2017,0,0,28828534,None,64,120,4,305,False,274,-1
Thu Nov 02 23:47:17 +0000 2017,0,0,383044494,On your mind,805,781,6,1029,False,26679,-1
Thu Nov 02 23:47:25 +0000 2017,0,0,860013581991129088,"Rockford, IL",268,212,0,898,False,2360,-1
Thu Nov 02 23:47:30 +0000 2017,0,0,81928357,"Michigan, USA",588,523,2,7401,False,5146,-1
Thu Nov 02 23:47:40 +0000 2017,0,0,2200814006,None,320,195,1,4681,False,3203,-1
Thu Nov 02 23:47:59 +0000 2017,0,0,2465414899,"Lawrence, KS",908,656,4,32462,False,28262,-1
Thu Nov 02 23:48:14 +0000 2017,0,0,480930418,"Greece, NY",457,843,0,16985,False,489,-1
Thu Nov 02 23:48:16 +0000 2017,0,0,630387071,CANY,691,526,1,7658,False,10599,-1
Thu Nov 02 23:48:16 +0000 2017,0,0,340577377,None,585,572,0,4621,False,6448,-1
Thu Nov 02 23:48:17 +0000 2017,0,0,2289046430,"Kennerdell, PA",218,198,1,28941,False,19765,-1
Thu Nov 02 23:48:35 +0000 2017,0,0,1035257563,None,286,285,4,17029,False,41083,-1
Thu Nov 02 23:48:46 +0000 2017,0,0,635788718,None,1759,1152,3,932,False,23939,-1
Thu Nov 02 23:48:46 +0000 2017,0,0,4007039293,"AW ,elttaeS",358,670,4,3627,False,6124,-1
Thu Nov 02 23:48:47 +0000 2017,0,0,261974334,None,595,260,0,4861,False,24278,-1
Thu Nov 02 23:48:58 +0000 2017,0,0,545549153,Lost ,376,777,2,12818,False,21058,-1
Thu Nov 02 23:49:15 +0000 2017,0,0,4462951498,"Memphis, TN",1087,751,4,15025,False,8609,-1
Thu Nov 02 23:49:15 +0000 2017,0,0,2924115184,None,807,934,4,2748,False,45693,-1
Thu Nov 02 23:49:18 +0000 2017,0,0,116525060,by myself. ,2070,1840,10,9979,False,59814,-1
Thu Nov 02 23:49:23 +0000 2017,0,0,57993953, port city  2wo5ive1ne,1994,1119,57,2752,False,161027,-1
Thu Nov 02 23:49:55 +0000 2017,0,0,402404690,None,238,212,4,12626,False,5214,-1
Thu Nov 02 23:49:57 +0000 2017,0,0,573184671,"Lakeland,Florida",631,764,5,9361,False,18450,-1
Thu Nov 02 23:50:11 +0000 2017,0,0,2984905032,None,385,305,3,1842,False,7908,-1
Thu Nov 02 23:50:19 +0000 2017,0,0,67655410,Los Angeles,918,922,33,16543,False,32880,-1
Thu Nov 02 23:50:20 +0000 2017,0,0,360081121,MI,915,282,2,22800,False,24109,-1
Thu Nov 02 23:50:20 +0000 2017,0,0,159895111,The Breeze,525,695,2,4187,False,46476,-1
Thu Nov 02 23:50:40 +0000 2017,0,0,3276614316,"Alpharetta, GA",2894,608,7,51939,False,30897,-1
Thu Nov 02 23:50:40 +0000 2017,0,0,466183723,The M ,544,501,1,17541,False,18276,-1
Thu Nov 02 23:50:46 +0000 2017,0,0,141070721,"Memphis, TN",3539,946,14,17699,False,104458,-1
Thu Nov 02 23:51:09 +0000 2017,0,0,353914514,None,302,353,1,3625,False,2878,-1
Thu Nov 02 23:51:10 +0000 2017,0,0,2934664599,bayarea/vegas,978,817,3,17083,False,41634,-1
Thu Nov 02 23:51:17 +0000 2017,0,0,3013556102,somewhere minding my business ,804,542,3,2141,False,19188,-1
Thu Nov 02 23:51:54 +0000 2017,0,0,130660126,None,1915,868,6,5486,False,62951,-1
Thu Nov 02 23:51:58 +0000 2017,0,0,785341556953911296,"Washington, DC",56,102,0,1651,False,703,-1
Thu Nov 02 23:52:06 +0000 2017,0,0,893867957142654977,"Lancaster, TX",36,39,0,295,False,1100,-1
Thu Nov 02 23:52:21 +0000 2017,0,0,299943031,"Tucson, AZ",27,178,6,356,False,1028,-1
Thu Nov 02 23:52:27 +0000 2017,0,0,64534012,"Stillwater, OK",987,929,3,13375,False,21480,-1
Thu Nov 02 23:52:42 +0000 2017,0,0,381315320,"Dallas, TX",2987,3083,6,28222,False,43745,-1
Thu Nov 02 23:52:50 +0000 2017,0,0,3034069240,"Guanajuato, M®¶xico",252,247,1,2277,False,4961,-1
Thu Nov 02 23:52:51 +0000 2017,0,0,70773749,None,703,372,4,3955,False,27971,-1
Thu Nov 02 23:52:51 +0000 2017,0,0,233465681,"Central Harlem, Manhattan",562,610,11,2908,False,37600,-1
Thu Nov 02 23:52:52 +0000 2017,0,0,92054276,"Cheviot, OH",761,571,5,12208,False,42829,-1
Thu Nov 02 23:52:57 +0000 2017,0,0,77607065,"middle of the hot desert,az",384,428,3,886,False,20166,-1
Thu Nov 02 23:53:19 +0000 2017,0,0,476523344,"New Hampshire, USA",980,1132,2,4743,False,31638,-1
Thu Nov 02 23:53:20 +0000 2017,0,0,1426839818,None,207,201,0,1449,False,6160,-1
Thu Nov 02 23:53:26 +0000 2017,0,0,3273994992,"Dallas, TX",83,95,0,4526,False,2177,-1
Thu Nov 02 23:53:28 +0000 2017,0,0,771498199,Ritchie marlboro RD,2332,452,8,18848,False,33191,-1
Thu Nov 02 23:53:31 +0000 2017,0,0,2193384818,PR  US,330,335,0,3423,False,6904,-1
Thu Nov 02 23:53:44 +0000 2017,0,0,401170176,None,787,544,1,13737,False,5784,-1
Thu Nov 02 23:53:56 +0000 2017,0,0,156360789,oprah's panouch ,3080,494,61,6553,False,124455,-1
Thu Nov 02 23:53:58 +0000 2017,0,0,130226274,"Hinesville, GA",669,499,8,6434,False,8257,-1
Thu Nov 02 23:54:29 +0000 2017,0,0,130226274,"Hinesville, GA",669,499,8,6434,False,8257,-1
Thu Nov 02 23:54:35 +0000 2017,0,0,599063929,None,657,345,3,12425,False,40803,-1
Thu Nov 02 23:54:47 +0000 2017,0,0,337753646,BALTIMORE,928,1088,3,3527,False,49007,-1
Thu Nov 02 23:54:49 +0000 2017,0,0,733567598307074048,None,130,118,2,1539,False,2012,-1
Thu Nov 02 23:55:02 +0000 2017,0,0,2777316277,None,553,410,6,10883,False,23406,-1
Thu Nov 02 23:55:06 +0000 2017,0,0,1488150415,None,738,643,2,6834,False,8746,-1
Thu Nov 02 23:55:13 +0000 2017,0,0,3059772739,"Reseda Blvd in Northridge, CA",2309,2849,10,409,False,2019,-1
Thu Nov 02 23:55:15 +0000 2017,0,0,221885522,None,327,325,1,2035,False,15146,-1
Thu Nov 02 23:55:22 +0000 2017,0,0,23136692,"Northwest District, Portland",77,232,2,1625,False,2496,-1
Thu Nov 02 23:55:22 +0000 2017,0,0,22451264,"Las Vegas, Nevada",20422,637,489,1219,False,17274,-1
Thu Nov 02 23:55:25 +0000 2017,0,0,945143276,None,3471,2985,21,28998,False,51664,-1
Thu Nov 02 23:55:32 +0000 2017,0,0,789967734079680513,"Columbus, OH",247,361,0,2894,False,990,-1
Thu Nov 02 23:55:38 +0000 2017,0,0,2686126750,None,45,37,3,345,False,1747,-1
Thu Nov 02 23:55:39 +0000 2017,0,0,2479170946,"Ridgefield,  WA",67,70,2,964,False,1741,-1
Thu Nov 02 23:55:49 +0000 2017,0,0,294703441,"Meridian,idaho",50,101,0,940,False,494,-1
Thu Nov 02 23:55:50 +0000 2017,0,0,258933836,"Victoria, TX",1756,949,25,47934,False,74781,-1
Thu Nov 02 23:55:54 +0000 2017,0,0,1890930972,"Alief, TX ",136,122,0,125,False,354,-1
Thu Nov 02 23:56:10 +0000 2017,0,0,820321929018114048,"Kennesaw, GA",496,495,1,1413,False,8324,-1
Thu Nov 02 23:56:15 +0000 2017,0,0,776440642398322689,Republic of Texas,1420,1383,17,31232,False,21883,-1
Thu Nov 02 23:56:15 +0000 2017,0,0,956775432,"Rialto, CA",875,621,3,16773,False,27845,-1
Thu Nov 02 23:56:24 +0000 2017,0,0,294850442,"Atlanta, GA",1875,1783,9,2970,False,33801,-1
Thu Nov 02 23:56:28 +0000 2017,0,0,2953827020,"Edna, TX",570,445,4,3716,False,18374,-1
Thu Nov 02 23:56:29 +0000 2017,0,0,521607954,"Whitby, Ontario",328,630,1,7037,False,5600,-1
Thu Nov 02 23:56:32 +0000 2017,0,0,283289664,"Lawrence, MA",2549,415,22,41832,False,130738,-1
Thu Nov 02 23:56:44 +0000 2017,0,0,3013556102,somewhere minding my business ,804,542,3,2147,False,19198,-1
Thu Nov 02 23:56:47 +0000 2017,0,0,337753646,BALTIMORE,928,1088,3,3527,False,49008,-1
Thu Nov 02 23:56:55 +0000 2017,0,0,623961064,"Texas, USA",327,334,0,2084,False,5682,-1
Thu Nov 02 23:57:02 +0000 2017,0,0,128678449,At a concert near you,5847,3948,49,35397,False,213578,-1
Thu Nov 02 23:57:10 +0000 2017,0,0,900522120,"New York, NY",3369,2008,39,17072,False,150747,-1
Thu Nov 02 23:57:11 +0000 2017,0,0,1491874986,None,448,413,1,2586,False,15470,-1
Thu Nov 02 23:57:19 +0000 2017,0,0,4356753257,"Atlanta, GA",861,554,5,14634,False,29812,-1
Thu Nov 02 23:57:29 +0000 2017,0,0,237406656,Sippin Sweet Tea ,782,768,15,8537,False,31991,-1
Thu Nov 02 23:57:43 +0000 2017,0,0,1943045521,"California, USA",5040,2833,18,13235,False,33613,-1
Thu Nov 02 23:58:13 +0000 2017,0,0,131679334,"Los Angeles, CA",2907,208,38,59980,False,87743,-1
Thu Nov 02 23:58:20 +0000 2017,0,0,1149342098,"Lakeville, MN",577,355,2,23956,False,15326,-1
Thu Nov 02 23:58:26 +0000 2017,0,0,158219061,"Norfolk, VA",450,344,1,5075,False,13176,-1
Thu Nov 02 23:58:36 +0000 2017,0,0,2225982720,"San Francisco, CA",598,474,11,14861,False,19392,-1
Thu Nov 02 23:58:41 +0000 2017,0,0,348681367,-[9'10'11;] -[1'29'14;] ,277,244,2,2670,False,9763,-1
Thu Nov 02 23:58:50 +0000 2017,0,0,2486425495,None,150,222,2,1093,False,234,-1
Thu Nov 02 23:58:51 +0000 2017,0,0,155988273,New York City,2081,481,26,8590,False,37653,-1
Thu Nov 02 23:58:57 +0000 2017,0,0,286849760,None,214,230,1,767,False,10513,-1
Thu Nov 02 23:59:21 +0000 2017,0,0,739993496195452930,305865,48,26,1,208,False,656,-1
Thu Nov 02 23:59:22 +0000 2017,0,0,4401692592,901,1273,1165,5,6803,False,7245,-1
Thu Nov 02 23:59:25 +0000 2017,0,0,711338989,None,367,374,0,7183,False,8908,-1
Thu Nov 02 23:59:28 +0000 2017,0,0,4299127222,None,307,271,2,4270,False,14332,-1
Thu Nov 02 23:59:31 +0000 2017,0,0,446783889,None,565,556,1,2702,False,10969,-1
Thu Nov 02 23:59:50 +0000 2017,0,0,1835582624,SoFlo ,3980,110,75,57191,False,108128,-1
Thu Nov 02 23:59:55 +0000 2017,0,0,3741114012,"Eau Claire, WI-Minneapolis, MN",2083,3445,127,60361,False,39635,-1
Thu Nov 02 23:59:57 +0000 2017,0,0,4401692592,901,1273,1165,5,6803,False,7245,-1
Fri Nov 03 00:00:00 +0000 2017,0,0,418205240,"Houston, TX",1011,1856,24,19383,False,8608,-1
Fri Nov 03 00:00:04 +0000 2017,0,0,587633940,"Alabama, USA",7914,8703,137,178304,False,153643,-1
Fri Nov 03 00:00:13 +0000 2017,0,0,1963631767,"Fort Myers, FL",366,315,1,10798,False,22364,-1
Fri Nov 03 00:00:24 +0000 2017,0,0,2505389180,"Wareham, MA",758,1870,3,11554,False,9027,-1
Fri Nov 03 00:00:36 +0000 2017,0,0,1457097516,"Chillicothe, OH",455,348,0,19112,False,15456,-1
Fri Nov 03 00:00:40 +0000 2017,0,0,2748054417,"Savannah, GA",323,195,3,909,False,558,-1
Fri Nov 03 00:00:42 +0000 2017,0,0,22508666,"Dallas, TX ",1626,1499,18,3594,False,98831,-1
Fri Nov 03 00:00:57 +0000 2017,0,0,3122438166,"North Carolina, USA",459,408,0,2725,False,2312,-1
Fri Nov 03 00:00:58 +0000 2017,0,0,22546592,"Bronx, NY",325,223,4,23332,False,3754,-1
Fri Nov 03 00:01:03 +0000 2017,0,0,731016490661486594,"Houston, TX",864,351,3,6732,False,7164,-1
Fri Nov 03 00:01:06 +0000 2017,0,0,308039334,None,2160,2217,4,14709,False,74058,-1
Fri Nov 03 00:01:23 +0000 2017,0,0,2847508529,Atl,816,622,1,8987,False,7718,-1
Fri Nov 03 00:01:27 +0000 2017,0,0,253867095,"Indianapolis, IN",953,1533,25,20097,False,64520,-1
Fri Nov 03 00:01:35 +0000 2017,0,0,54076061,Vancouver,707,455,103,62926,False,11360,-1
Fri Nov 03 00:02:04 +0000 2017,0,0,464060571,Nebraska ,585,560,2,24184,False,28305,-1
Fri Nov 03 00:02:06 +0000 2017,0,0,325775631,None,652,510,0,2826,False,9962,-1
Fri Nov 03 00:02:08 +0000 2017,0,0,1319242932,"North Augusta,SC",1247,1197,8,26731,False,24539,-1
Fri Nov 03 00:02:09 +0000 2017,0,0,28828534,None,64,120,4,305,False,274,-1
Fri Nov 03 00:02:19 +0000 2017,0,0,543691162,"Myrtle Beach, SC- Danville, VA",929,2841,20,11552,False,30013,-1
Fri Nov 03 00:02:30 +0000 2017,0,0,3276614316,"Alpharetta, GA",2894,608,7,51944,False,30904,-1
Fri Nov 03 00:02:36 +0000 2017,0,0,400306869,None,1629,403,7,65102,False,35055,-1
Fri Nov 03 00:02:36 +0000 2017,0,0,708744259323625472,None,484,587,4,10011,False,6761,-1
Fri Nov 03 00:02:39 +0000 2017,0,0,758610223,"Florida, USA",384,240,6,3267,False,14780,-1
Fri Nov 03 00:02:39 +0000 2017,0,0,82542357,"San Francisco, CA",24860,3172,20,13608,False,49637,-1
Fri Nov 03 00:02:49 +0000 2017,0,0,903321542,"Brookfield,CT",89,249,6,21632,False,6986,-1
Fri Nov 03 00:02:49 +0000 2017,0,0,896797200424062976,"Florida, USA",101,130,0,448,False,261,-1
Fri Nov 03 00:02:50 +0000 2017,0,0,904942683646435330,"California, USA",585,925,1,226,False,88,-1
Fri Nov 03 00:02:50 +0000 2017,0,0,764328222825680896,None,839,794,3,6262,False,25745,-1
Fri Nov 03 00:02:56 +0000 2017,0,0,177347381,HSU,1262,961,4,2772,False,64638,-1
Fri Nov 03 00:03:07 +0000 2017,0,0,771498199,Ritchie marlboro RD,2332,452,8,18848,False,33191,-1
Fri Nov 03 00:03:07 +0000 2017,0,0,2914264758,"Houston, TX",1534,602,45,64405,False,34145,-1
Fri Nov 03 00:03:24 +0000 2017,0,0,497938656,317 & 260,465,176,4,3098,False,18466,-1
Fri Nov 03 00:03:34 +0000 2017,0,0,3119077882,None,436,366,1,4204,False,3098,-1
Fri Nov 03 00:03:37 +0000 2017,0,0,166227041,"Cleveland, OH",1569,1124,5,4130,False,55196,-1
Fri Nov 03 00:03:39 +0000 2017,0,0,743850687751163905,None,339,585,1,7873,False,1553,-1
Fri Nov 03 00:03:41 +0000 2017,0,0,2388915776,"funky cold Medina, OH",887,885,12,13733,False,8417,-1
Fri Nov 03 00:03:52 +0000 2017,0,0,367471427,University of South Alabama ,557,421,1,1824,False,3309,-1
Fri Nov 03 00:03:57 +0000 2017,0,0,4254007353,"Wapakoneta, OH",434,362,0,9872,False,3059,-1
Fri Nov 03 00:04:05 +0000 2017,0,0,3172687059,tOSU°Ø21,2138,1913,4,16178,False,22158,-1
Fri Nov 03 00:04:17 +0000 2017,0,0,866414148,United States,261,738,8,3176,False,1659,-1
Fri Nov 03 00:04:17 +0000 2017,0,0,2704484916,None,84,101,0,2304,False,2288,-1
Fri Nov 03 00:04:18 +0000 2017,0,0,741530695319748612,midfield ,243,175,0,1122,False,697,-1
Fri Nov 03 00:04:34 +0000 2017,0,0,2911243171,None,315,595,0,4788,False,3588,-1
Fri Nov 03 00:04:40 +0000 2017,0,0,206511175,"Orlando, Florida",115,258,3,1600,False,1959,-1
Fri Nov 03 00:04:46 +0000 2017,0,0,449177808,"Washington, DC  || NOLA",1099,1084,2,13783,False,31591,-1
Fri Nov 03 00:04:57 +0000 2017,0,0,63509170,United States,1596,447,15,26542,False,46038,-1
Fri Nov 03 00:05:03 +0000 2017,0,0,77661828,None,470,393,2,25535,False,18623,-1
Fri Nov 03 00:05:14 +0000 2017,0,0,803303177663774721,"Greensboro, NC",862,555,1,17959,False,20088,-1
Fri Nov 03 00:05:19 +0000 2017,0,0,1046439482,None,919,774,0,15034,False,36807,-1
Fri Nov 03 00:05:24 +0000 2017,0,0,2244357696,"San Diego, CA",334,397,10,7376,False,8984,-1
Fri Nov 03 00:05:24 +0000 2017,0,0,829725624721764353,"Arizona, USA",665,654,2,15564,False,17893,-1
Fri Nov 03 00:05:32 +0000 2017,0,0,25515144,"#TrendAmerica, USA",1121,661,7,6326,False,21639,-1
Fri Nov 03 00:05:33 +0000 2017,0,0,21043661,"Austin, TX",667,476,19,9028,False,19523,-1
Fri Nov 03 00:05:34 +0000 2017,0,0,220541704,the slums of shaolin. ,1170,497,19,43592,False,150230,-1
Fri Nov 03 00:05:41 +0000 2017,0,0,449990546,"Bideford, Devon ",463,474,12,3924,False,8793,-1
Fri Nov 03 00:05:51 +0000 2017,0,0,711338989,None,367,374,0,7184,False,8909,-1
Fri Nov 03 00:05:52 +0000 2017,0,0,595019475,95666,2204,469,15,14697,False,143509,-1
Fri Nov 03 00:06:06 +0000 2017,0,0,2466396246,"San Diego, CA",621,525,3,6088,False,7112,-1
Fri Nov 03 00:06:12 +0000 2017,0,0,2245866960,Dont worry about me,562,436,0,1985,False,5742,-1
Fri Nov 03 00:06:26 +0000 2017,0,0,2457315596,With braden B,610,248,1,22057,False,21641,-1
Fri Nov 03 00:06:28 +0000 2017,0,0,218548825,None,1032,856,4,3016,False,5688,-1
Fri Nov 03 00:06:30 +0000 2017,0,0,444410334,Destiel Trash Can,253,447,15,37014,False,4951,-1
Fri Nov 03 00:06:32 +0000 2017,0,0,383034824,"Pennsylvania, USA",340,441,6,2707,False,17969,-1
Fri Nov 03 00:06:42 +0000 2017,0,0,1629169448,"Phoenix,Arizonahhh",572,193,2,50775,False,24145,-1
Fri Nov 03 00:06:49 +0000 2017,0,0,19133054,Iowa,439,1143,11,1992,False,4861,-1
Fri Nov 03 00:06:51 +0000 2017,0,0,1312266680,"Minnesota, USA",1432,244,6,107585,False,48995,-1
Fri Nov 03 00:06:59 +0000 2017,0,0,2784609688,"Louisville, KY",520,308,1,11964,False,29935,-1
Fri Nov 03 00:07:42 +0000 2017,0,0,3433940173,"New York, NY",431,290,4,36672,False,5272,-1
Fri Nov 03 00:07:56 +0000 2017,0,0,882118402034118656,East Oakland ,31,23,0,406,False,505,-1
Fri Nov 03 00:08:00 +0000 2017,0,0,983148702,"Huber Heights, OH",410,291,1,18398,False,17050,-1
Fri Nov 03 00:08:05 +0000 2017,0,0,625289524,"Michigan, USA",5606,663,46,16511,False,34212,-1
Fri Nov 03 00:08:20 +0000 2017,0,0,936094052,None,201,427,0,440,False,2144,-1
Fri Nov 03 00:08:20 +0000 2017,0,0,257261957,atl,377,289,9,2716,False,17217,-1
Fri Nov 03 00:08:33 +0000 2017,0,0,155988273,New York City,2081,481,26,8590,False,37656,-1
Fri Nov 03 00:08:37 +0000 2017,0,0,17358422,Los Angeles,407,159,22,138,False,60078,-1
Fri Nov 03 00:08:40 +0000 2017,0,0,792985616,"California, USA",485,989,3,15085,False,14452,-1
Fri Nov 03 00:08:40 +0000 2017,0,0,768118517564526593,"Albuquerque, NM",128,177,0,1442,False,384,-1
Fri Nov 03 00:08:52 +0000 2017,0,0,412566981,"Charlotte, NC",1352,2015,6,1145,False,35055,-1
Fri Nov 03 00:08:56 +0000 2017,0,0,2307726397,"Houston, TX",361,340,7,38213,False,20238,-1
Fri Nov 03 00:09:00 +0000 2017,0,0,704438812,None,638,384,0,839,False,627,-1
Fri Nov 03 00:09:04 +0000 2017,0,0,57342221,"Montgomery, AL",1486,1012,2,1628,False,42170,-1
Fri Nov 03 00:09:07 +0000 2017,0,0,3072139174,"Detroit, MI",1711,1063,4,1404,False,40814,-1
Fri Nov 03 00:09:16 +0000 2017,0,0,2720702241,"New London, CT",976,1235,0,21410,False,13158,-1
Fri Nov 03 00:09:27 +0000 2017,0,0,430253223,,2906,1142,12,1837,False,117879,-1
Fri Nov 03 00:09:46 +0000 2017,0,0,364265941,"Atlanta, GA",3238,2915,6,26084,False,66598,-1
Fri Nov 03 00:09:54 +0000 2017,0,0,49131316,None,357,311,4,15822,False,9548,-1
Fri Nov 03 00:10:05 +0000 2017,0,0,233036110,None,1517,571,0,1678,False,21605,-1
Fri Nov 03 00:10:08 +0000 2017,0,0,59364175,"Atlanta, GA",6735,531,183,2984,False,199370,-1
Fri Nov 03 00:10:12 +0000 2017,0,0,3488681052,On the diamond,272,172,4,3577,False,3800,-1
Fri Nov 03 00:10:20 +0000 2017,0,0,238418943,None,969,934,0,2027,False,23732,-1
Fri Nov 03 00:10:28 +0000 2017,0,0,2411217403,"Nashville, TN",776,427,7,1758,False,33550,-1
Fri Nov 03 00:10:32 +0000 2017,0,0,2452954211,"North Miami, FL",288,323,2,2637,False,39848,-1
Fri Nov 03 00:10:36 +0000 2017,0,0,334136328,H-Town,616,144,11,9830,False,153360,-1
Fri Nov 03 00:10:40 +0000 2017,0,0,253395314,None,1424,947,21,113783,False,25028,-1
Fri Nov 03 00:10:50 +0000 2017,0,0,2376493166,Vermontopia,275,606,53,18358,False,2215,-1
Fri Nov 03 00:10:50 +0000 2017,0,0,356209082,"Downtown Jacksonville, FL",1296,1286,3,8107,False,53142,-1
Fri Nov 03 00:10:51 +0000 2017,0,0,567399406,"Rochester, WA",804,393,4,29610,False,31820,-1
Fri Nov 03 00:10:53 +0000 2017,0,0,238418943,None,969,934,0,2027,False,23732,-1
Fri Nov 03 00:11:04 +0000 2017,0,0,2299661551,"Ohio, USA",3827,2368,10,42810,False,42335,-1
Fri Nov 03 00:11:05 +0000 2017,0,0,849859783112876032,"Washington, USA",1,0,0,2,False,3606,-1
Fri Nov 03 00:11:07 +0000 2017,0,0,286333575,"Hattiesburg, MS",974,775,0,2123,False,39743,-1
Fri Nov 03 00:11:14 +0000 2017,0,0,1682515466,None,2223,1471,3,22240,False,46114,-1
Fri Nov 03 00:11:16 +0000 2017,0,0,99004707,None,418,858,11,4264,False,6403,-1
Fri Nov 03 00:11:17 +0000 2017,0,0,183243870,"Cincinnati, OH",144,348,3,1031,False,9303,-1
Fri Nov 03 00:11:22 +0000 2017,0,0,559808366,None,506,513,2,3183,False,5414,-1
Fri Nov 03 00:11:25 +0000 2017,0,0,31245812,"Fort Lauderdale, FL",674,334,11,703,False,93360,-1
Fri Nov 03 00:11:30 +0000 2017,0,0,341291814,"Ocho, Uno, Siete",4064,729,44,43939,False,153659,-1
Fri Nov 03 00:11:31 +0000 2017,0,0,3188040630,None,452,733,1,3487,False,4600,-1
Fri Nov 03 00:11:43 +0000 2017,0,0,1011834037,Tacoma Washington,245,214,3,9826,False,19459,-1
Fri Nov 03 00:11:43 +0000 2017,0,0,1256377962,None,962,654,2,16563,False,30296,-1
Fri Nov 03 00:11:43 +0000 2017,0,0,599684374,Somewhere Over The Rainbow,330,423,2,10467,False,31038,-1
Fri Nov 03 00:12:01 +0000 2017,0,0,3372336312,"Big Sandy, TX  Huntsville,TX",295,294,0,278,False,303,-1
Fri Nov 03 00:12:01 +0000 2017,0,0,40810128,"NEW YORK, NY",1086,221,31,36390,False,132566,-1
Fri Nov 03 00:12:03 +0000 2017,0,0,265398863,None,154,422,4,14033,False,47335,-1
Fri Nov 03 00:12:04 +0000 2017,0,0,17118740,Canada,13,46,3,94,False,94,-1
Fri Nov 03 00:12:06 +0000 2017,0,0,180133653,None,239,204,4,8457,False,6799,-1
Fri Nov 03 00:12:09 +0000 2017,0,0,4218075194,"Gahanna, OH",258,1105,7,7667,False,5463,-1
Fri Nov 03 00:12:14 +0000 2017,0,0,549443764,None,758,509,1,13070,False,5525,-1
Fri Nov 03 00:12:15 +0000 2017,0,0,788019570678177792,"Macomb, MI",85,177,0,1668,False,878,-1
Fri Nov 03 00:12:16 +0000 2017,0,0,1038627769,Queen City,979,729,5,12689,False,26111,-1
Fri Nov 03 00:12:28 +0000 2017,0,0,2935398567,None,254,242,0,3094,False,1888,-1
Fri Nov 03 00:12:32 +0000 2017,0,0,388110267,"Suprise,AZ",620,2282,2,3751,False,13393,-1
Fri Nov 03 00:12:35 +0000 2017,0,0,618275847,Sleepy Hollow,573,336,14,1576,False,79068,-1
Fri Nov 03 00:12:42 +0000 2017,0,0,333795079,"Reno, NV",942,252,4,30620,False,63795,-1
Fri Nov 03 00:12:46 +0000 2017,0,0,791273189338931200,Maldives,101,75,0,2453,False,3017,-1
Fri Nov 03 00:12:50 +0000 2017,0,0,715702467741270016,"Jackson, MS",103,133,2,36,False,8697,-1
Fri Nov 03 00:13:00 +0000 2017,0,0,218015926,Saint Lane ,664,549,2,3549,False,68111,-1
Fri Nov 03 00:13:12 +0000 2017,0,0,1346196486,"its like mexico, but newer",1259,528,6,27342,False,21839,-1
Fri Nov 03 00:13:16 +0000 2017,0,0,228190066,somewhere w/ chelsea.,1675,1169,6,14826,False,60328,-1
Fri Nov 03 00:13:18 +0000 2017,0,0,137175304,"Gravelburg, Ohio  USA ",1558,2021,47,38137,False,42102,-1
Fri Nov 03 00:13:20 +0000 2017,0,0,2725499348,None,201,219,1,1928,False,6822,-1
Fri Nov 03 00:13:23 +0000 2017,0,0,3083165440,"Massachusetts, USA",825,326,12,2073,False,12451,-1
Fri Nov 03 00:13:25 +0000 2017,0,0,915923592,"Dallas, tx",1009,828,3,28453,False,12180,-1
Fri Nov 03 00:13:28 +0000 2017,0,0,160239679,ATLHTX.,2277,1966,27,1111,False,36030,-1
Fri Nov 03 00:13:30 +0000 2017,0,0,65062323,"Lompoc, CA",416,462,4,6531,False,15698,-1
Fri Nov 03 00:13:32 +0000 2017,0,0,2815021596,"Hot Springs, AR",519,395,4,16222,False,21263,-1
Fri Nov 03 00:13:49 +0000 2017,0,0,2413649233,None,198,217,9,17291,False,19290,-1
Fri Nov 03 00:13:51 +0000 2017,0,0,3013556102,somewhere minding my business ,804,542,3,2149,False,19206,-1
Fri Nov 03 00:13:53 +0000 2017,0,0,63010977,"Austin, TX",678,625,4,3546,False,30575,-1
Fri Nov 03 00:13:55 +0000 2017,0,0,448182667,"Martins Ferry, OH",638,2640,4,5126,False,2377,-1
Fri Nov 03 00:13:58 +0000 2017,0,0,237372773,"New Jersey, USA",556,179,3,43018,False,38219,-1
Fri Nov 03 00:14:24 +0000 2017,0,0,1399392487,None,169,133,0,1812,False,4780,-1
Fri Nov 03 00:14:36 +0000 2017,0,0,226398100,"Manhattan, NY",221,152,2,831,False,1304,-1
Fri Nov 03 00:14:44 +0000 2017,0,0,258411700,"Washington, DC",1603,849,46,2390,False,144363,-1
Fri Nov 03 00:14:49 +0000 2017,0,0,216894472,Denver,540,291,6,1528,False,49637,-1
Fri Nov 03 00:15:00 +0000 2017,0,0,1439732191,"North Carolina, USA",694,1125,0,3469,False,32404,-1
Fri Nov 03 00:15:01 +0000 2017,0,0,324753202,None,1551,710,5,2253,False,11337,-1
Fri Nov 03 00:15:02 +0000 2017,0,0,310669612,|  waiting for you | ,4066,2306,3,7184,False,21053,-1
Fri Nov 03 00:15:06 +0000 2017,0,0,38051894,"Maryland, USA",354,411,9,295,False,18776,-1
Fri Nov 03 00:15:02 +0000 2017,0,0,310669612,|  waiting for you | ,4066,2306,3,7184,False,21053,-1
Fri Nov 03 00:15:13 +0000 2017,0,0,35675621,"San Marcos, TX",126,196,1,1004,False,4998,-1
Fri Nov 03 00:15:14 +0000 2017,0,0,3145316442,Lil B ,2213,1642,13,38536,False,91833,-1
Fri Nov 03 00:15:28 +0000 2017,0,0,56352860,In ya head...rent free!,532,613,5,259,False,20036,-1
Fri Nov 03 00:15:37 +0000 2017,0,0,829020885105283074,"Minneapolis, MN",195,621,0,9212,False,6457,-1
Fri Nov 03 00:15:41 +0000 2017,0,0,752329319083540480,None,983,187,2,3556,False,2328,-1
Fri Nov 03 00:15:49 +0000 2017,0,0,137175304,"Gravelburg, Ohio  USA ",1558,2021,47,38137,False,42103,-1
Fri Nov 03 00:15:51 +0000 2017,0,0,2782893847,None,220,385,1,1067,False,1826,-1
Fri Nov 03 00:15:55 +0000 2017,0,0,2326209516,"Sallisaw, OK",546,463,4,7419,False,8554,-1
Fri Nov 03 00:16:01 +0000 2017,0,0,3003189557,Toronto,2369,2170,28,23912,False,39456,-1
Fri Nov 03 00:16:24 +0000 2017,0,0,1530078937,None,410,345,5,18180,False,2533,-1
Fri Nov 03 00:16:28 +0000 2017,0,0,424317183,N O R T H.  C A R O L I N A ,2908,1592,2,6563,False,54712,-1
Fri Nov 03 00:16:32 +0000 2017,0,0,1011599970,None,634,727,2,8274,False,13417,-1
Fri Nov 03 00:16:35 +0000 2017,0,0,815433766898434048,None,790,900,3,10556,False,7825,-1
Fri Nov 03 00:16:40 +0000 2017,0,0,3044532891,"Harrisburg, PA",406,729,11,1210,False,2431,-1
Fri Nov 03 00:16:55 +0000 2017,0,0,36538113,"San Angelo, TX",1247,465,2,22886,False,32450,-1
Fri Nov 03 00:16:55 +0000 2017,0,0,256813083,"Detroit, MI",1532,1422,5,3633,False,47731,-1
Fri Nov 03 00:16:58 +0000 2017,0,0,2326209516,"Sallisaw, OK",546,463,4,7419,False,8554,-1
Fri Nov 03 00:17:15 +0000 2017,0,0,113994537,"Houston, TX",1425,858,2,486,False,42878,-1
Fri Nov 03 00:17:18 +0000 2017,0,0,545549153,Lost ,376,777,2,12827,False,21076,-1
Fri Nov 03 00:17:19 +0000 2017,0,0,23440557,"Mobile, AL",80,435,4,783,False,3611,-1
Fri Nov 03 00:17:22 +0000 2017,0,0,2522447003,NCAT,1086,563,40,3783,False,157687,-1
Fri Nov 03 00:17:33 +0000 2017,0,0,108900217,Bijeljina,148,364,25,73,False,11874,-1
Fri Nov 03 00:17:40 +0000 2017,0,0,45663454,None,213,781,14,2177,False,15798,-1
Fri Nov 03 00:17:54 +0000 2017,0,0,1038627769,Queen City,979,729,5,12692,False,26114,-1
Fri Nov 03 00:17:54 +0000 2017,0,0,347498388,"Fremont, OH",194,382,0,1776,False,1490,-1
Fri Nov 03 00:17:58 +0000 2017,0,0,336193443,"South Tampa, Florida",495,389,22,1583,False,50640,-1
Fri Nov 03 00:17:59 +0000 2017,0,0,359585947,None,1393,990,2,3213,False,37812,-1
Fri Nov 03 00:18:13 +0000 2017,0,0,2204028624,"Fairfield, CA",804,553,2,2365,False,4683,-1
Fri Nov 03 00:18:16 +0000 2017,0,0,3173794224,None,1683,651,4,19230,False,27386,-1
Fri Nov 03 00:18:17 +0000 2017,0,0,406559621,None,594,547,0,12254,False,2364,-1
Fri Nov 03 00:18:37 +0000 2017,0,0,724662849679683584,"Denver, CO",1431,1455,18,25942,False,81146,-1
Fri Nov 03 00:18:42 +0000 2017,0,0,227151766,"Seattle, WA",214,192,5,42265,False,15343,-1
Fri Nov 03 00:18:53 +0000 2017,0,0,23029709,"California, USA",180,777,10,48,False,4992,-1
Fri Nov 03 00:19:03 +0000 2017,0,0,1265375646,"Atlanta, GA",1348,2728,0,1398,False,11731,-1
Fri Nov 03 00:19:05 +0000 2017,0,0,82453395,"Texas, USA",743,239,2,22867,False,71347,-1
Fri Nov 03 00:19:14 +0000 2017,0,0,248476405,None,1682,549,3,11067,False,18096,-1
Fri Nov 03 00:19:15 +0000 2017,0,0,805241287037296641,"Brooklyn, NY",370,549,2,1004,False,1564,-1
Fri Nov 03 00:19:17 +0000 2017,0,0,360739206,Chicago,2287,1813,25,3979,False,105317,-1
Fri Nov 03 00:19:21 +0000 2017,0,0,1652821,"Seattle, WA",2688,2026,399,25323,False,72330,-1
Fri Nov 03 00:19:25 +0000 2017,0,0,2813725870,Somewhere Doing HoodRat Things,2276,3369,4,8222,False,21836,-1
Fri Nov 03 00:19:33 +0000 2017,0,0,2239688519,None,1019,803,1,2298,False,35143,-1
Fri Nov 03 00:19:40 +0000 2017,0,0,1038627769,Queen City,979,729,5,12694,False,26115,-1
Fri Nov 03 00:19:47 +0000 2017,0,0,149558381,"Queen Shit , Bitch",766,529,2,1589,False,67442,-1
Fri Nov 03 00:20:04 +0000 2017,0,0,377648659,"Louisville, KY",1460,367,18,69743,False,128148,-1
Fri Nov 03 00:20:07 +0000 2017,0,0,2361362305,None,320,423,0,422,False,27589,-1
Fri Nov 03 00:20:21 +0000 2017,0,0,3221760043,None,920,200,0,9881,False,18000,-1
Fri Nov 03 00:20:25 +0000 2017,0,0,12502842,"New York, NY",2136,1550,159,1417,False,13981,-1
Fri Nov 03 00:20:27 +0000 2017,0,0,2263527565,"Athens, GA",149,508,0,8860,False,866,-1
Fri Nov 03 00:20:30 +0000 2017,0,0,281765604,727,356,185,1,2414,False,11052,-1
Fri Nov 03 00:20:52 +0000 2017,0,0,256095935,"AkRowdy , OH",1122,1012,12,7313,False,93988,-1
Fri Nov 03 00:20:55 +0000 2017,0,0,2740103515,None,422,93,4,5368,False,1528,-1
Fri Nov 03 00:21:01 +0000 2017,0,0,2239688519,None,1019,803,1,2298,False,35145,-1
Fri Nov 03 00:21:26 +0000 2017,0,0,228190066,somewhere w/ chelsea.,1675,1169,6,14827,False,60329,-1
Fri Nov 03 00:21:30 +0000 2017,0,0,838202386095157250,"Texas, USA",140,208,0,5875,False,1617,-1
Fri Nov 03 00:21:34 +0000 2017,0,0,1455991028,None,606,526,3,4334,False,6975,-1
Fri Nov 03 00:21:34 +0000 2017,0,0,1099604797,None,585,237,3,14383,False,9190,-1
Fri Nov 03 00:21:35 +0000 2017,0,0,2374546508,None,3255,1002,7,31443,False,55634,-1
Fri Nov 03 00:21:36 +0000 2017,0,0,26437496,augusta ga,2363,2487,45,2074,False,65348,-1
Fri Nov 03 00:21:37 +0000 2017,0,0,829725624721764353,"Arizona, USA",665,654,2,15570,False,17901,-1
Fri Nov 03 00:21:39 +0000 2017,0,0,2361362305,None,320,423,0,422,False,27591,-1
Fri Nov 03 00:21:44 +0000 2017,0,0,823652167760261120,"Tukwila, WA",43,113,0,1769,False,176,-1
Fri Nov 03 00:21:59 +0000 2017,0,0,925640053,Disneyland ,1520,2193,30,126172,False,71929,-1
Fri Nov 03 00:22:00 +0000 2017,0,0,285980553,The Pussy Penthouse,1146,627,18,3083,False,114001,-1
Fri Nov 03 00:22:06 +0000 2017,0,0,314989136,"Santa Ana, CA",809,411,5,14965,False,63874,-1
Fri Nov 03 00:22:13 +0000 2017,0,0,2263167525,phillybish,664,546,0,21969,False,9757,-1
Fri Nov 03 00:22:33 +0000 2017,0,0,234399679,Chicago!,198,322,1,524,False,11889,-1
Fri Nov 03 00:22:36 +0000 2017,0,0,3400827665,None,707,623,0,13741,False,10190,-1
Fri Nov 03 00:22:42 +0000 2017,0,0,12163352,"Pittsburgh, PA",718,364,32,15481,False,23010,-1
Fri Nov 03 00:22:42 +0000 2017,0,0,1267408358,"Texas, USA",366,293,3,7397,False,7818,-1
Fri Nov 03 00:22:43 +0000 2017,0,0,443009215,University of Oklahoma,245,218,2,3889,False,11330,-1
Fri Nov 03 00:22:58 +0000 2017,0,0,136720043,"Modesto, Hellafornia",350,249,3,3770,False,5591,-1
Fri Nov 03 00:23:08 +0000 2017,0,0,3368767647,"miami , fl",734,632,1,349,False,4890,-1
Fri Nov 03 00:23:12 +0000 2017,0,0,372120737,..............,244,350,0,600,False,1598,-1
Fri Nov 03 00:23:13 +0000 2017,0,0,240506720,The Universe Alone,957,1712,45,24336,False,58977,-1
Fri Nov 03 00:23:18 +0000 2017,0,0,2177027795,Big Blue Nation,252,508,1,3431,False,4192,-1
Fri Nov 03 00:23:20 +0000 2017,0,0,451713461,"Fredericksburg, VA",1004,2438,2,15854,False,21410,-1
Fri Nov 03 00:23:24 +0000 2017,0,0,3320543160,"Iowa Park, TX",238,279,1,2592,False,1376,-1
Fri Nov 03 00:23:35 +0000 2017,0,0,16396194,None,244,125,4,740,False,15130,-1
Fri Nov 03 00:23:56 +0000 2017,0,0,876644876145893377,"Bronx, NY",28,94,1,133,False,233,-1
Fri Nov 03 00:24:24 +0000 2017,0,0,2790154496,"Not on a beach., unfortunately",481,739,23,9600,False,9935,-1
Fri Nov 03 00:24:31 +0000 2017,0,0,2201898865,Bay area,1779,1289,10,14329,False,25961,-1
Fri Nov 03 00:24:36 +0000 2017,0,0,348044167,ny // nj // fl,715,369,3,54747,False,40053,-1
Fri Nov 03 00:25:11 +0000 2017,0,0,1369917822,Streetsboro | Bowling Green ,537,198,0,7172,False,9990,-1
Fri Nov 03 00:25:16 +0000 2017,0,0,66003042,The bull ,3026,2155,4,6906,False,94748,-1
Fri Nov 03 00:25:35 +0000 2017,0,0,2583582949,None,78,112,2,6690,False,4542,-1
Fri Nov 03 00:25:50 +0000 2017,0,0,522680140,"Petersburg, VA",906,695,1,495,False,9613,-1
Fri Nov 03 00:25:51 +0000 2017,0,0,812079239612788736,"Racine, WI",726,977,6,8620,False,22129,-1
Fri Nov 03 00:26:08 +0000 2017,0,0,2454289662,the valley,351,313,3,21590,False,12581,-1
Fri Nov 03 00:26:22 +0000 2017,0,0,487241189,"Meadowview, Va",252,168,2,10955,False,8549,-1
Fri Nov 03 00:26:32 +0000 2017,0,0,46728185,"San Diego, CA",2121,1538,29,45581,False,62689,-1
Fri Nov 03 00:26:44 +0000 2017,0,0,709840279,"Chicago, IL",391,428,2,14746,False,15336,-1
Fri Nov 03 00:26:50 +0000 2017,0,0,65062323,"Lompoc, CA",416,462,4,6531,False,15698,-1
Fri Nov 03 00:26:50 +0000 2017,0,0,2875999183,"Houston, TX",1709,1262,6,3245,False,6546,-1
Fri Nov 03 00:27:04 +0000 2017,0,0,1364353177,None,377,139,0,7332,False,12948,-1
Fri Nov 03 00:27:11 +0000 2017,0,0,469839304,$$$$,3051,1932,5,1547,False,50096,-1
Fri Nov 03 00:27:14 +0000 2017,0,0,925640053,Disneyland ,1520,2193,30,126172,False,71931,-1
Fri Nov 03 00:27:17 +0000 2017,0,0,3344233582,"Brooklyn, NY",139,172,4,2737,False,3322,-1
Fri Nov 03 00:27:30 +0000 2017,0,0,128678449,At a concert near you,5849,3948,48,35398,False,213589,-1
Fri Nov 03 00:27:39 +0000 2017,0,0,849859783112876032,"Washington, USA",1,0,0,2,False,3609,-1
Fri Nov 03 00:27:40 +0000 2017,0,0,948896760,None,589,429,1,233,False,56521,-1
Fri Nov 03 00:28:06 +0000 2017,0,0,1258536607,West Orlando,371,234,4,2724,False,4914,-1
Fri Nov 03 00:28:12 +0000 2017,0,0,2155881509,married to quavo,2156,1783,7,8862,False,16123,-1
Fri Nov 03 00:28:23 +0000 2017,0,0,371448771,"North Carolina, USA",982,1765,3,574,False,2156,-1
Fri Nov 03 00:28:36 +0000 2017,0,0,27750806,"Columbus, GA  Houston, TX",3627,777,18,289,False,18766,-1
Fri Nov 03 00:28:39 +0000 2017,0,0,520858504,None,363,503,0,4478,False,8612,-1
Fri Nov 03 00:28:39 +0000 2017,0,0,502022290,"Springfield, IL",346,396,30,7240,False,11679,-1
Fri Nov 03 00:28:42 +0000 2017,0,0,586939271,UGLY AS HELL,857,346,30,20192,False,53337,-1
Fri Nov 03 00:28:45 +0000 2017,0,0,1957928880,None,231,298,4,2048,False,3195,-1
Fri Nov 03 00:28:50 +0000 2017,0,0,788860966549254145,None,127,235,0,776,False,6822,-1
Fri Nov 03 00:28:52 +0000 2017,0,0,310334348,"Tacoma, WA",32,73,0,2522,False,4847,-1
Fri Nov 03 00:29:02 +0000 2017,0,0,533540714,new york city °§ puerto rico,1256,378,15,21507,False,135639,-1
Fri Nov 03 00:29:35 +0000 2017,0,0,720579042,None,347,540,3,21555,False,8035,-1
Fri Nov 03 00:29:43 +0000 2017,0,0,150923519,Mississippi,279,828,1,1351,False,4091,-1
Fri Nov 03 00:30:45 +0000 2017,0,0,215587185,"San Antonio, TX",200,230,2,5928,False,10120,-1
Fri Nov 03 00:30:51 +0000 2017,0,0,872966220, ,905,505,2,8433,False,16132,-1
Fri Nov 03 00:31:04 +0000 2017,0,0,887839757866340353,"New Orleans, LA",81,71,2,509,False,2952,-1
Fri Nov 03 00:31:04 +0000 2017,0,0,58729368,The Hot Spot,275,292,18,9548,False,12298,-1
Fri Nov 03 00:31:07 +0000 2017,0,0,3082886333,°„D.K.P  °„,850,853,5,9825,False,35875,-1
Fri Nov 03 00:31:22 +0000 2017,0,0,55605938,Ugly Corner.,1341,699,18,554,False,164134,-1
Fri Nov 03 00:31:27 +0000 2017,0,0,424399223,"Columbiana, OH & Kent, OH",544,605,0,5039,False,6075,-1
Fri Nov 03 00:31:28 +0000 2017,0,0,2165067703,Paradise,161,539,1,2131,False,1072,-1
Fri Nov 03 00:31:32 +0000 2017,0,0,186863104,None,354,867,14,3026,False,560,-1
Fri Nov 03 00:31:32 +0000 2017,0,0,4842799120,MA,727,657,0,9345,False,10738,-1
Fri Nov 03 00:31:36 +0000 2017,0,0,758652624,None,651,301,0,5387,False,9839,-1
Fri Nov 03 00:31:38 +0000 2017,0,0,2530202630,"Moore, OK",545,643,2,10725,False,3798,-1
Fri Nov 03 00:31:39 +0000 2017,0,0,3031514011,None,123,149,0,1142,False,3129,-1
Fri Nov 03 00:31:39 +0000 2017,0,0,838891821006741504,None,166,191,0,108,False,53,-1
Fri Nov 03 00:31:43 +0000 2017,0,0,2152171320,"Keller, TX",147,151,1,4363,False,3451,-1
Fri Nov 03 00:31:45 +0000 2017,0,0,858355102670766080,United States,306,73,0,30284,False,11815,-1
Fri Nov 03 00:31:52 +0000 2017,0,0,927676086,Houston Texas,267,216,0,28602,False,9980,-1
Fri Nov 03 00:31:59 +0000 2017,0,0,146650620,ChicagoMississippi,3111,1809,5,16936,False,84565,-1
Fri Nov 03 00:32:01 +0000 2017,0,0,433066464,"Dearborn, Michigan  ",140,197,2,15796,False,7605,-1
Fri Nov 03 00:32:09 +0000 2017,0,0,421486865,"Dallas, Tx",1029,568,5,11964,False,58889,-1
Fri Nov 03 00:32:20 +0000 2017,0,0,272997265,H 0 U $ T 0 N ,677,760,0,3267,False,5920,-1
Fri Nov 03 00:32:28 +0000 2017,0,0,2674847455,"Gilroy, CA",371,312,1,24667,False,2738,-1
Fri Nov 03 00:32:35 +0000 2017,0,0,191535023,On TOP,1042,434,1,1701,False,12955,-1
Fri Nov 03 00:32:50 +0000 2017,0,0,43744001,#CurlyHairVillage,846,1001,9,3399,False,43960,-1
Fri Nov 03 00:33:15 +0000 2017,0,0,71687357,None,516,475,6,14093,False,13090,-1
Fri Nov 03 00:33:26 +0000 2017,0,0,846075650293321729,"Memphis, TN",40,84,0,10,False,83,-1
Fri Nov 03 00:33:26 +0000 2017,0,0,478959516,None,852,979,1,6856,False,12800,-1
Fri Nov 03 00:33:28 +0000 2017,0,0,35904901,"Richmond, Virginia",358,256,4,79,False,5454,-1
Fri Nov 03 00:33:30 +0000 2017,0,0,826452764322471938,"East Palo Alto, CA",148,137,1,1073,False,703,-1
Fri Nov 03 00:33:31 +0000 2017,0,0,241150874,Music City,497,933,15,57947,False,59741,-1
Fri Nov 03 00:33:36 +0000 2017,0,0,316027703,Jerseyyyyyyyyy ,1245,824,8,1339,False,91811,-1
Fri Nov 03 00:33:45 +0000 2017,0,0,2426091768,"Alexander City, AL",803,547,1,3489,False,21117,-1
Fri Nov 03 00:33:55 +0000 2017,0,0,867984420879294470,"California, USA",249,591,0,2183,False,706,-1
Fri Nov 03 00:33:58 +0000 2017,0,0,752385576762871808,"Phoenix, AZ",537,490,9,51721,False,10313,-1
Fri Nov 03 00:34:16 +0000 2017,0,0,786331261174370304,"Katy, TX",442,395,1,2010,False,2449,-1
Fri Nov 03 00:34:26 +0000 2017,0,0,54068011,None,285,301,12,5103,False,9145,-1
Fri Nov 03 00:34:28 +0000 2017,0,0,720195564,None,210,194,3,814,False,1082,-1
Fri Nov 03 00:34:33 +0000 2017,0,0,459804885,None,302,278,7,2501,False,12697,-1
Fri Nov 03 00:34:36 +0000 2017,0,0,712459751087415296,251,2525,809,11,1897,False,72234,-1
Fri Nov 03 00:34:41 +0000 2017,0,0,627866315,"Sulphur Springs, Texas",693,616,3,7089,False,42822,-1
Fri Nov 03 00:34:41 +0000 2017,0,0,189782177,None,318,266,2,2049,False,19623,-1
Fri Nov 03 00:34:44 +0000 2017,0,0,291218469,None,208,183,2,766,False,7758,-1
Fri Nov 03 00:34:55 +0000 2017,0,0,323653805,"Chicago, Illinois",263,346,2,8372,False,3414,-1
Fri Nov 03 00:34:57 +0000 2017,0,0,35086484,ChicaGLOBoro(336),2681,1959,9,2919,False,121271,-1
Fri Nov 03 00:34:58 +0000 2017,0,0,867304518,"Elysian, MN",503,449,0,14022,False,13092,-1
Fri Nov 03 00:35:07 +0000 2017,0,0,66214645,Sea Isle City/ Philadelphia,432,1092,5,6469,False,24305,-1
Fri Nov 03 00:35:08 +0000 2017,0,0,3012438339,somewhere mindin mines ,109,231,1,1679,False,12783,-1
Fri Nov 03 00:35:18 +0000 2017,0,0,198537474,None,1836,1659,5,305,False,33083,-1
Fri Nov 03 00:35:20 +0000 2017,0,0,262869640,"Webster, MA",577,898,6,1973,False,9361,-1
Fri Nov 03 00:35:39 +0000 2017,0,0,2757495204,Pluto,1075,706,1,5788,False,19933,-1
Fri Nov 03 00:35:46 +0000 2017,0,0,709932145,"West Islip, NY",463,629,1,8078,False,8992,-1
Fri Nov 03 00:35:49 +0000 2017,0,0,3192106432,"Texas, USA",333,240,1,3415,False,5986,-1
Fri Nov 03 00:36:00 +0000 2017,0,0,546280241,None,414,218,0,59364,False,2183,-1
Fri Nov 03 00:36:03 +0000 2017,0,0,714652831899369472,330,213,225,0,1131,False,792,-1
Fri Nov 03 00:36:18 +0000 2017,0,0,298656275,"Houston, TX  The Ville, TX",1305,514,16,12090,False,79935,-1
Fri Nov 03 00:36:26 +0000 2017,0,0,123571812,"Phenix City, AL",1697,971,5,12868,False,19508,-1
Fri Nov 03 00:36:32 +0000 2017,0,0,1684439660,somewhere w/ caleb,1078,921,3,3461,False,13378,-1
Fri Nov 03 00:36:37 +0000 2017,0,0,213015891,DMV,1807,622,18,14234,False,44670,-1
Fri Nov 03 00:36:53 +0000 2017,0,0,88027505,"Santiago, Rep®≤blica Dominicana",728,428,8,183,False,79323,-1
Fri Nov 03 00:36:55 +0000 2017,0,0,4020691155,PaperChasin,1188,548,2,7015,False,16103,-1
Fri Nov 03 00:37:05 +0000 2017,0,0,324753202,None,1551,710,5,2255,False,11343,-1
Fri Nov 03 00:37:14 +0000 2017,0,0,190382925,North Carolina,1224,1135,7,8186,False,51245,-1
Fri Nov 03 00:37:23 +0000 2017,0,0,187095485,"Omaha, Nebraska",3981,556,124,249,False,52488,-1
Fri Nov 03 00:37:31 +0000 2017,0,0,334803893,"Orlando, Fl",610,541,5,6650,False,9747,-1
Fri Nov 03 00:37:36 +0000 2017,0,0,4827590013,None,436,447,6,4618,False,13698,-1
Fri Nov 03 00:37:43 +0000 2017,0,0,2802902219,United States,312,432,0,17671,False,3791,-1
Fri Nov 03 00:37:46 +0000 2017,0,0,886015656583475201,"St Petersburg, FL",125,115,0,363,False,714,-1
Fri Nov 03 00:37:53 +0000 2017,0,0,444410334,Destiel Trash Can,253,447,14,37026,False,4960,-1
Fri Nov 03 00:37:59 +0000 2017,0,0,343421327,Connecticut,2443,2505,4,2042,False,50953,-1
Fri Nov 03 00:38:01 +0000 2017,0,0,279654126,In hell ,548,371,4,1208,False,8453,-1
Fri Nov 03 00:38:15 +0000 2017,0,0,2424525337,Chris&Jay4Life.,1511,860,9,5349,False,41098,-1
Fri Nov 03 00:38:17 +0000 2017,0,0,2172337358,None,556,434,2,5690,False,13129,-1
Fri Nov 03 00:38:19 +0000 2017,0,0,742098942352068609,"Dallas,Tx/Hell",1216,213,10,6359,False,7737,-1
Fri Nov 03 00:38:25 +0000 2017,0,0,361473507,"New Orleans, LA",2590,1597,14,36913,False,57278,-1
Fri Nov 03 00:38:25 +0000 2017,0,0,91017281,"Elyria, OH",278,287,11,44986,False,82704,-1
Fri Nov 03 00:38:46 +0000 2017,0,0,2255750165,"Bradford, PA",450,489,5,4114,False,3589,-1
Fri Nov 03 00:38:58 +0000 2017,0,0,778624202991505408,None,591,280,1,12740,False,107,-1
Fri Nov 03 00:39:01 +0000 2017,0,0,635816812,"Wahpeton, ND",1387,834,5,22289,False,64595,-1
Fri Nov 03 00:39:02 +0000 2017,0,0,604564492,"Clinton, OK",238,238,9,7078,False,11157,-1
Fri Nov 03 00:39:07 +0000 2017,0,0,1447536360,"Ben Bolt, Tx. ",1058,527,3,8816,False,33246,-1
Fri Nov 03 00:39:10 +0000 2017,0,0,79585814,"Columbus/Kent, OH",389,510,5,3124,False,2436,-1
Fri Nov 03 00:39:11 +0000 2017,0,0,583333832,dayton oh,658,1234,1,4621,False,2469,-1
Fri Nov 03 00:39:14 +0000 2017,0,0,3343110192,618,1103,1044,7,35918,False,21399,-1
Fri Nov 03 00:39:17 +0000 2017,0,0,579252620,None,1506,1471,6,735,False,40597,-1
Fri Nov 03 00:39:24 +0000 2017,0,0,859494562926141448,La la land,114,412,0,1704,False,409,-1
Fri Nov 03 00:39:29 +0000 2017,0,0,230808144,"Clinton, MS  Hattiesburg, MS",1033,947,1,7348,False,3513,-1
Fri Nov 03 00:39:43 +0000 2017,0,0,2159375097,"Whitehall, PA",628,602,2,9963,False,18809,-1
Fri Nov 03 00:39:45 +0000 2017,0,0,181851935,None,1800,1061,12,37827,False,282817,-1
Fri Nov 03 00:39:48 +0000 2017,0,0,35929974,Cal Poly Pomona '18,125,106,2,2093,False,12961,-1
Fri Nov 03 00:39:54 +0000 2017,0,0,2709467883,BatonRouge  Houston,2650,936,9,22757,False,8042,-1
Fri Nov 03 00:39:56 +0000 2017,0,0,1620857492,                   Cleveland. ,1944,2055,4,30281,False,54785,-1
Fri Nov 03 00:39:57 +0000 2017,0,0,3293178390,Contiguous USA and Canada,1695,2440,82,108192,False,123336,-1
Fri Nov 03 00:40:00 +0000 2017,0,0,412848276,None,326,567,0,18181,False,5200,-1
Fri Nov 03 00:40:02 +0000 2017,0,0,16153443,"Long Island,NY",305,938,19,3084,False,33723,-1
Fri Nov 03 00:40:11 +0000 2017,0,0,2320603133,None,208,199,0,1708,False,2946,-1
Fri Nov 03 00:40:13 +0000 2017,0,0,842894607792947200,"Lanett, AL",37,52,0,512,False,187,-1
Fri Nov 03 00:40:14 +0000 2017,0,0,733367757635362816,None,261,317,0,1529,False,344,-1
Fri Nov 03 00:40:23 +0000 2017,0,0,3305257929,"Keystone, FL",199,191,1,2221,False,5660,-1
Fri Nov 03 00:40:28 +0000 2017,0,0,213083495,"Athens, GA",403,444,2,41,False,18042,-1
Fri Nov 03 00:40:30 +0000 2017,0,0,2715133794,NOLA,1250,779,4,9719,False,8046,-1
Fri Nov 03 00:40:35 +0000 2017,0,0,48059258,"Kingsbridge, Bronx, NY",2365,2083,15,19973,False,84530,-1
Fri Nov 03 00:40:36 +0000 2017,0,0,859494562926141448,La la land,114,412,0,1704,False,409,-1
