created_at,favorite_count,retweet_count,id_str,location,followers_count,friends_count,listed_count,favourites_count,verified,statuses_count,label
Thu Nov 02 22:17:11 +0000 2017,0,0,375220320,"Los Angeles, CA",22225,212,187,7445,True,2986,-2
Thu Nov 02 22:17:25 +0000 2017,0,0,2732992756,"Ruston, LA",483,427,3,8109,False,3010,-2
Thu Nov 02 23:30:51 +0000 2017,0,0,570396208,"Houston, TX",1360,492,7,9647,False,7583,-2
Thu Nov 02 23:31:02 +0000 2017,0,0,705572173398736896,IG: datkubankid SC: cub_kev,285,587,0,2824,False,2460,-2
Thu Nov 02 23:31:23 +0000 2017,0,0,80815716,Booking info: SHOWBIS@aol.com,436489,1785,1938,6389,True,48184,-2
Thu Nov 02 23:31:31 +0000 2017,0,0,1411048340,Texas,151,288,5,4769,False,3109,-2
Thu Nov 02 23:32:02 +0000 2017,0,0,89054997,"Virginia Beach, VA",3771,3313,8,3803,False,809,-2
Thu Nov 02 23:32:14 +0000 2017,0,0,606684288,"Maryville, TN",290,556,3,4508,False,2769,-2
Thu Nov 02 23:32:15 +0000 2017,0,0,3915839053,In Aubree,410,406,0,3175,False,1977,-2
Thu Nov 02 23:32:14 +0000 2017,0,0,1123618362,Chasing A Dream,1696,823,7,5622,False,11427,-2
Thu Nov 02 23:32:16 +0000 2017,0,0,811806647945310208,"Los Angeles, CA",982,1884,6,8040,False,5350,-2
Thu Nov 02 23:32:17 +0000 2017,0,0,811806647945310208,"Los Angeles, CA",982,1884,6,8040,False,5351,-2
Thu Nov 02 23:32:22 +0000 2017,0,0,729745131918626817,"Dallas, TX",2098,139,66,116446,False,80244,-2
Thu Nov 02 23:40:55 +0000 2017,0,0,744250165926764545,"Baton Rouge, LA",79,225,5,722,False,965,-2
Thu Nov 02 23:41:05 +0000 2017,0,0,1551781644,By your side,551,405,23,1037,False,102714,-2
Thu Nov 02 23:41:15 +0000 2017,0,0,2867087574,None,889,680,5,8066,False,6820,-2
Thu Nov 02 23:41:49 +0000 2017,0,0,142442559,Atlantis,186,65,3,1319,False,4715,-2
Thu Nov 02 23:42:18 +0000 2017,0,0,238266408,"Williamsburg, Brooklyn",474,756,7,22023,False,16351,-2
Thu Nov 02 23:42:37 +0000 2017,0,0,176325871,"Las Vegas, NV, USA",4033,4746,18,936,False,12402,-2
Thu Nov 02 23:42:40 +0000 2017,0,0,129139240,Jungle,204,323,0,755,False,18423,-2
Thu Nov 02 23:42:41 +0000 2017,0,0,3433573822,"Pennsylvania, USA",4293,3846,65,39956,False,39594,-2
Thu Nov 02 23:42:50 +0000 2017,0,0,3362578212,615  865,1244,1001,1,3862,False,17754,-2
Thu Nov 02 23:43:06 +0000 2017,0,0,40809894,"Venice, Los Angeles",23759,19381,87,39760,False,49068,-2
Thu Nov 02 23:43:09 +0000 2017,0,0,3032016887,None,1838,1500,5,3114,False,4859,-2
Thu Nov 02 23:43:12 +0000 2017,0,0,101768566,None,354,699,6,1650,False,5868,-2
Thu Nov 02 23:43:28 +0000 2017,0,0,222350234,"Norfolk, VA",1261,720,4,3624,False,56109,-2
Thu Nov 02 23:43:45 +0000 2017,0,0,793506575981903872,"Grand Rapids, MI",510,181,1,12202,False,5836,-2
Thu Nov 02 23:43:53 +0000 2017,0,0,157043324,"Fort Worth, TX",608,602,4,4559,False,40597,-2
Thu Nov 02 23:43:54 +0000 2017,0,0,331253925,"Virginia Beach, VA",1036,1595,35,34618,False,89914,-2
Thu Nov 02 23:43:56 +0000 2017,0,0,3316038705,None,63,74,0,1530,False,336,-2
Thu Nov 02 23:44:08 +0000 2017,0,0,378342639,Loogootee/Bloomington,871,558,0,5811,False,8812,-2
Thu Nov 02 23:44:10 +0000 2017,0,0,278359927,"Canada t───sUSA, Nashville",3764,5001,176,33823,False,23886,-2
Thu Nov 02 23:44:10 +0000 2017,0,0,90748721,209,413,458,18,213,False,34313,-2
Thu Nov 02 23:44:15 +0000 2017,0,0,20015389,"Austin, TX",668,850,125,918,False,2795,-2
Thu Nov 02 23:44:21 +0000 2017,0,0,1403795348,"Arizona, USA",404,318,2,4735,False,2016,-2
Thu Nov 02 23:44:33 +0000 2017,0,0,287559296,The Burg °,679,902,10,9102,False,6202,-2
Thu Nov 02 23:44:44 +0000 2017,0,0,983039858,None,393,203,1,5328,False,2605,-2
Thu Nov 02 23:44:48 +0000 2017,0,0,4913765339,"Pensacola, FL",710,430,2,2119,False,3429,-2
Thu Nov 02 23:44:51 +0000 2017,0,0,889400922396295168,chasing trains,277,323,0,1329,False,904,-2
Thu Nov 02 23:45:05 +0000 2017,0,0,331086381,"Minot, ND",119,311,1,2029,False,1721,-2
Thu Nov 02 23:45:20 +0000 2017,0,0,3341453051,"Albany, GA",935,1356,19,27633,False,13758,-2
Thu Nov 02 23:45:35 +0000 2017,0,0,3316038705,None,63,74,0,1530,False,336,-2
Thu Nov 02 23:45:43 +0000 2017,0,0,101768566,None,354,699,6,1650,False,5869,-2
Thu Nov 02 23:45:45 +0000 2017,0,0,705276638,"Santa Cruz, CA",90,125,0,215,False,373,-2
Thu Nov 02 23:45:47 +0000 2017,0,0,264574313,"San Antonio, TX",1727,1187,44,3645,False,8031,-2
Thu Nov 02 23:46:04 +0000 2017,0,0,288038986,"Saugus, MA | Charlotte, NC",954,433,5,10306,False,31815,-2
Thu Nov 02 23:46:05 +0000 2017,0,0,73758041,"Los Angeles, CA",373,288,5,1290,False,4898,-2
Thu Nov 02 23:46:12 +0000 2017,0,0,31058407,"Los Angeles, CA",16047,60,32,3747,True,15570,-2
Thu Nov 02 23:46:15 +0000 2017,0,0,3316038705,None,63,74,0,1530,False,336,-2
Thu Nov 02 23:46:19 +0000 2017,0,0,2263440997,None,548,99,4,707,False,1129,-2
Thu Nov 02 23:46:21 +0000 2017,0,0,553277901,Moore/Roebuck/West Spartanburg,414,372,2,406,False,9632,-2
Thu Nov 02 23:46:22 +0000 2017,0,0,251002408,"Vancouver, Canada",177,279,1,1646,False,4192,-2
Thu Nov 02 23:46:23 +0000 2017,0,0,331990739,RVA,303,143,14,20736,False,61775,-2
Thu Nov 02 23:46:27 +0000 2017,0,0,974935074,None,775,652,10,3532,False,8876,-2
Thu Nov 02 23:46:30 +0000 2017,0,0,1558679641,None,633,920,0,2923,False,7070,-2
Thu Nov 02 23:46:30 +0000 2017,0,0,831243552088846338,None,597,414,5,517,False,8595,-2
Thu Nov 02 23:46:40 +0000 2017,0,0,3379577764,they/them. INTJ. aro/ace.,204,101,4,8086,False,22255,-2
Thu Nov 02 23:47:02 +0000 2017,0,0,1167138986,"Brownsville, PA",60,415,5,3556,False,222,-2
Thu Nov 02 23:47:06 +0000 2017,0,0,248786718,"New Orleans, LA",967,1106,5,5111,False,69595,-2
Thu Nov 02 23:47:13 +0000 2017,0,0,545632110,GOD-FAMILY-FOOTBALL,5040,4161,12,53209,False,72099,-2
Thu Nov 02 23:47:20 +0000 2017,0,0,1310713656,"Exton, PA ",117,263,9,137,False,507,-2
Thu Nov 02 23:47:28 +0000 2017,0,0,1607105407,None,6337,2724,48,21389,False,30119,-2
Thu Nov 02 23:48:09 +0000 2017,0,0,919442904468291584,Y,19,19,0,604,False,373,-2
Thu Nov 02 23:48:15 +0000 2017,0,0,35973139,Toronto,809,1090,42,7730,False,29185,-2
Thu Nov 02 23:48:22 +0000 2017,0,0,64823276,PNW,360,323,7,6101,False,16403,-2
Thu Nov 02 23:48:24 +0000 2017,0,0,2664252924,"Pennsylvania, USA",307,253,14,22902,False,17322,-2
Thu Nov 02 23:48:26 +0000 2017,0,0,62375103,Los Angeles,861,1455,4,55,False,16449,-2
Thu Nov 02 23:48:30 +0000 2017,0,0,3765572533,"California, USA",7912,212,176,60983,False,28940,-2
Thu Nov 02 23:48:50 +0000 2017,0,0,108337741,None,342,242,4,434,False,5266,-2
Thu Nov 02 23:48:52 +0000 2017,0,0,191241650,fuchsia city,940,181,10,36266,False,64521,-2
Thu Nov 02 23:49:10 +0000 2017,0,0,626148697,"Kent, OH",455,747,5,7175,False,7857,-2
Thu Nov 02 23:49:19 +0000 2017,0,0,272777255,None,325,247,0,4280,False,7057,-2
Thu Nov 02 23:49:22 +0000 2017,0,0,417817042,"Statesboro, GA",1000,934,10,50124,False,32824,-2
Thu Nov 02 23:49:29 +0000 2017,0,0,433188574,None,512,470,0,10733,False,9152,-2
Thu Nov 02 23:49:59 +0000 2017,0,0,274041734,None,61,261,0,4214,False,461,-2
Thu Nov 02 23:50:09 +0000 2017,0,0,800760704877793281,"Brownsville, TX",141,241,0,2095,False,1922,-2
Thu Nov 02 23:50:26 +0000 2017,0,0,319726804,None,354,272,4,6286,False,16086,-2
Thu Nov 02 23:50:55 +0000 2017,0,0,22743419,"Chicago, IL",440,794,7,8569,False,31366,-2
Thu Nov 02 23:50:57 +0000 2017,0,0,4531236442,"Jazzy City, Hug Nation",817,1737,19,37888,False,10748,-2
Thu Nov 02 23:51:04 +0000 2017,0,0,377154266,None,477,331,3,8106,False,28467,-2
Thu Nov 02 23:51:04 +0000 2017,0,0,377154266,None,477,331,3,8106,False,28467,-2
Thu Nov 02 23:51:09 +0000 2017,0,0,2453962221,None,167,124,0,2406,False,2320,-2
Thu Nov 02 23:51:17 +0000 2017,0,0,21377663,"San Antonio, TX",3878,36,76,528,False,4697,-2
Thu Nov 02 23:51:21 +0000 2017,0,0,147323231,Nashville but  is in Austin,61,149,3,15511,False,19406,-2
Thu Nov 02 23:51:25 +0000 2017,0,0,2394602365,None,358,362,1,7395,False,1865,-2
Thu Nov 02 23:51:39 +0000 2017,0,0,15434390,"New York, NY",5850,839,19,7532,False,3663,-2
Thu Nov 02 23:51:40 +0000 2017,0,0,37811083,"Bangor, ME",1353,1060,31,6667,False,2581,-2
Thu Nov 02 23:51:41 +0000 2017,0,0,587035496,"Tuscaloosa, AL",1379,1482,14,68377,False,21727,-2
Thu Nov 02 23:51:49 +0000 2017,0,0,702222485320835072,WorkWorkWorkWorkWork,171,79,32,598,False,927,-2
Thu Nov 02 23:52:05 +0000 2017,0,0,915950530215604225,"In My Head, Hostl",4,92,0,666,False,114,-2
Thu Nov 02 23:52:15 +0000 2017,0,0,742467155669590016,"Los Angeles, CA",561,1472,1,3035,False,2896,-2
Thu Nov 02 23:52:19 +0000 2017,0,0,306607167,"Syracuse, NY",204,164,0,1524,False,11939,-2
Thu Nov 02 23:52:28 +0000 2017,0,0,272777255,None,325,247,0,4280,False,7057,-2
Thu Nov 02 23:52:54 +0000 2017,0,0,285257740,"Naples, FL",895,572,26,39517,False,30876,-2
Thu Nov 02 23:52:54 +0000 2017,0,0,702735091710054400,817,646,599,1,20383,False,2937,-2
Thu Nov 02 23:52:57 +0000 2017,0,0,378059282,"Midtown, Atlanta",831,356,13,48801,False,98156,-2
Thu Nov 02 23:53:01 +0000 2017,0,0,761078701505191940,"Visalia, CA",305,560,1,5815,False,8605,-2
Thu Nov 02 23:53:10 +0000 2017,0,0,344365161,Brooklyn | Philly,1491,1100,64,4994,False,8652,-2
Thu Nov 02 23:53:12 +0000 2017,0,0,864553905971228676,None,4423,43,0,978,False,2690,-2
Thu Nov 02 23:53:16 +0000 2017,0,0,164910104,Fromm Chicagooooo ,2546,4844,7,7035,False,44239,-2
Thu Nov 02 23:53:34 +0000 2017,0,0,294389638,Upland Ca,533,880,1,4213,False,2971,-2
Thu Nov 02 23:53:42 +0000 2017,0,0,3318123872,"Savannah, MO",489,1249,50,28197,False,12925,-2
Thu Nov 02 23:54:03 +0000 2017,0,0,715956498392854528,None,115,94,0,3840,False,7576,-2
Thu Nov 02 23:54:31 +0000 2017,0,0,336730334,None,116,159,3,14956,False,16363,-2
Thu Nov 02 23:54:33 +0000 2017,0,0,23662619,South Florida,1585,456,48,2019,False,11429,-2
Thu Nov 02 23:54:42 +0000 2017,0,0,507916881,In my own lane,1308,1397,4,2687,False,11493,-2
Thu Nov 02 23:55:04 +0000 2017,0,0,1276377962,"San Bruno, CA",317,511,0,3301,False,6029,-2
Thu Nov 02 23:55:07 +0000 2017,0,0,518196016,"HOLLYWOOD, TXXX",1516,633,15,16108,False,16754,-2
Thu Nov 02 23:55:09 +0000 2017,0,0,619205308,"Elgin, SC",283,328,6,42254,False,3850,-2
Thu Nov 02 23:55:16 +0000 2017,0,0,767056106275213313,None,112,105,0,140,False,56,-2
Thu Nov 02 23:55:25 +0000 2017,0,0,1419933793,YYZ - LAX,445,185,1,2560,False,3727,-2
Thu Nov 02 23:55:53 +0000 2017,0,0,2244832334,"Streetsboro, Ohio",541,1855,4,15455,False,23370,-2
Thu Nov 02 23:56:04 +0000 2017,0,0,2269624930,"Destin, FL #334to805",1527,1945,6,62,False,837,-2
Thu Nov 02 23:56:31 +0000 2017,0,0,345614712,Booking Info: (910) 264-6070,2908,1840,8,7224,False,19573,-2
Thu Nov 02 23:56:38 +0000 2017,0,0,68081225,San Diego / Los Angeles,953,396,32,9095,False,172697,-2
Thu Nov 02 23:57:48 +0000 2017,0,0,1118508354,None,210,154,2,1547,False,1449,-2
Thu Nov 02 23:57:49 +0000 2017,0,0,2257125654,None,36,122,2,200,False,627,-2
Thu Nov 02 23:57:50 +0000 2017,0,0,829237435,"Seminole, Oklahoma",659,91,0,5782,False,8119,-2
Thu Nov 02 23:57:52 +0000 2017,0,0,186842784,University of North Texas,2846,2594,20,9599,False,51899,-2
Thu Nov 02 23:58:20 +0000 2017,0,0,16296135,"Washington,NC",4576,5033,131,31244,False,14049,-2
Thu Nov 02 23:58:38 +0000 2017,0,0,19545402,"Boston, MA, USA",772,2546,16,118,False,6363,-2
Thu Nov 02 23:58:39 +0000 2017,0,0,1930971319,None,93,239,1,1943,False,1436,-2
Thu Nov 02 23:58:39 +0000 2017,0,0,44688899,"San Diego, California, U.S.A.",16626,317,107,20779,True,5728,-2
Thu Nov 02 23:58:46 +0000 2017,0,0,747373330148130816,"Omaha, NE ",1891,2000,9,21545,False,24047,-2
Thu Nov 02 23:58:48 +0000 2017,0,0,19321357,"Washington, DC",22410,250,365,4,True,54792,-2
Thu Nov 02 23:58:50 +0000 2017,0,0,2918308492,sc:depazapooluza,534,450,8,13434,False,9859,-2
Thu Nov 02 23:59:05 +0000 2017,0,0,940344632,Richmond-Pittsburgh-Sri Lanka,1558,1806,82,45739,False,18182,-2
Thu Nov 02 23:59:11 +0000 2017,0,0,282821905,"Aurora, CO",659,742,55,66860,False,31277,-2
Thu Nov 02 23:59:14 +0000 2017,0,0,1188246804,None,979,899,16,30450,False,25272,-2
Thu Nov 02 23:59:19 +0000 2017,0,0,848424750066028544,None,6,6,0,5,False,56,-2
Thu Nov 02 23:59:36 +0000 2017,0,0,19472606,"Portland, OR",21472,1223,1235,29535,True,14555,-2
Thu Nov 02 23:59:45 +0000 2017,0,0,519248202,W$GT$,559,470,6,10412,False,22648,-2
Thu Nov 02 23:59:58 +0000 2017,0,0,848424750066028544,None,6,6,0,5,False,56,-2
Fri Nov 03 00:00:02 +0000 2017,0,0,2696995403,None,188,163,0,3313,False,1896,-2
Fri Nov 03 00:00:51 +0000 2017,0,0,3459569069,"Mississippi, USA",1219,3963,16,11337,False,19330,-2
Fri Nov 03 00:00:53 +0000 2017,0,0,1514881448,"Las Cruces, NM",968,980,0,5277,False,5384,-2
Fri Nov 03 00:01:06 +0000 2017,0,0,811806647945310208,"Los Angeles, CA",989,1889,6,8051,False,5365,-2
Fri Nov 03 00:01:10 +0000 2017,0,0,719059992,"California, USA",1099,1547,18,4436,False,23474,-2
Fri Nov 03 00:01:17 +0000 2017,0,0,729135326,"Tampa, FL",4058,2909,46,154604,False,153850,-2
Fri Nov 03 00:01:18 +0000 2017,0,0,2398383630,rva,567,351,1,5873,False,20241,-2
Fri Nov 03 00:01:39 +0000 2017,0,0,2748013354,None,82,85,10,28,False,1601,-2
Fri Nov 03 00:02:01 +0000 2017,0,0,811806647945310208,"Los Angeles, CA",989,1890,6,8051,False,5366,-2
Fri Nov 03 00:02:03 +0000 2017,0,0,3514097597,"St. Catharines, Ontario",138,411,9,15935,False,13358,-2
Fri Nov 03 00:02:21 +0000 2017,0,0,4568919014,Broward County,886,789,7,6412,False,24872,-2
Fri Nov 03 00:02:21 +0000 2017,0,0,464137999,"Knoxville, TN",1152,425,7,45808,False,42627,-2
Fri Nov 03 00:02:36 +0000 2017,0,0,811806647945310208,"Los Angeles, CA",989,1890,6,8051,False,5367,-2
Fri Nov 03 00:02:36 +0000 2017,0,0,1480920703,None,550,301,3,12232,False,20316,-2
Fri Nov 03 00:02:52 +0000 2017,0,0,184493219,"Chicago, IL",1013,1423,1,7963,False,15987,-2
Fri Nov 03 00:02:58 +0000 2017,0,0,372900872,"Boston, MA",2059,464,23,331,False,1937,-2
Fri Nov 03 00:03:00 +0000 2017,0,0,17108529,"Lexington, KY",2050,488,32,16637,False,18915,-2
Fri Nov 03 00:03:17 +0000 2017,0,0,807782370,"Longmont, CO",2117,1477,88,6833,False,2954,-2
Fri Nov 03 00:03:19 +0000 2017,0,0,843610140800696331,"Eastlake, OH",18,109,0,1340,False,1021,-2
Fri Nov 03 00:03:23 +0000 2017,0,0,377325330,El Reno Oklahoma,1094,1134,30,49032,False,27512,-2
Fri Nov 03 00:03:44 +0000 2017,0,0,83663354,Seattle Orleans,3459,2892,255,376963,False,59110,-2
Fri Nov 03 00:03:50 +0000 2017,0,0,940344632,Richmond-Pittsburgh-Sri Lanka,1558,1806,82,45740,False,18183,-2
Fri Nov 03 00:03:51 +0000 2017,0,0,906280139239161856,"Indianapolis, IN",104,449,0,99,False,418,-2
Fri Nov 03 00:03:50 +0000 2017,0,0,51529520,San Francisco,2875,2356,74,5737,False,2891,-2
Fri Nov 03 00:04:05 +0000 2017,0,0,1042764618,mtl,1252,4995,38,15121,False,29639,-2
Fri Nov 03 00:04:12 +0000 2017,0,0,37131878,"Wilmington, NC",356,917,14,12960,False,6660,-2
Fri Nov 03 00:04:23 +0000 2017,0,0,33219625,ny.mi.wi.dc.tx.mi,395,87,5,29958,False,93365,-2
Fri Nov 03 00:04:25 +0000 2017,0,0,3267640692,"Dallas, TX ",1717,802,7,24869,False,21799,-2
Fri Nov 03 00:04:29 +0000 2017,0,0,940020962,None,2422,1842,2,29362,False,25055,-2
Fri Nov 03 00:04:30 +0000 2017,0,0,334759334,"Colonia, NJ",1217,768,6,10942,False,23120,-2
Fri Nov 03 00:05:01 +0000 2017,0,0,69991372,N252  919  336C,1634,1214,11,2726,False,79180,-2
Fri Nov 03 00:05:04 +0000 2017,0,0,767822546406342656,None,1066,690,2,6770,False,5710,-2
Fri Nov 03 00:05:08 +0000 2017,0,0,361958425,somewhere stuntin',2614,2081,6,15179,False,8233,-2
Fri Nov 03 00:05:14 +0000 2017,0,0,2908419925,ballin or rappin,580,438,3,2681,False,3343,-2
Fri Nov 03 00:05:22 +0000 2017,0,0,807039058639814662,None,173,347,2,1401,False,7135,-2
Fri Nov 03 00:05:27 +0000 2017,0,0,476404804,"Sioux City, IA",2789,687,7,29075,False,26023,-2
Fri Nov 03 00:05:33 +0000 2017,0,0,47961848,"T: 34.095088,-118.310044",2206,2374,27,2993,False,13692,-2
Fri Nov 03 00:05:33 +0000 2017,0,0,19673898,Los Angeles,6859,1390,217,2140,True,5976,-2
Fri Nov 03 00:05:34 +0000 2017,0,0,260389485,"New York, NY",393,390,84,1144,False,6905,-2
Fri Nov 03 00:05:39 +0000 2017,0,0,253890468,"Pittsburg, America",864,652,2,3457,False,9394,-2
Fri Nov 03 00:05:58 +0000 2017,0,0,2940444468,"Haltom City, TX",716,580,0,6209,False,14405,-2
Fri Nov 03 00:06:25 +0000 2017,0,0,2810152669,SMHS24,807,618,1,12129,False,1563,-2
Fri Nov 03 00:06:31 +0000 2017,0,0,719348364,None,1429,1146,9,22512,False,46482,-2
Fri Nov 03 00:06:37 +0000 2017,0,0,380995578,Central Florida,1112,490,4,1214,False,6190,-2
Fri Nov 03 00:06:50 +0000 2017,0,0,802577614028308482,"North Carolina, USA",28,30,0,3,False,36,-2
Fri Nov 03 00:07:00 +0000 2017,0,0,373118414,None,479,407,5,4880,False,1926,-2
Fri Nov 03 00:07:19 +0000 2017,0,0,294359221,"South Carolina, USA",1437,1220,1,2832,False,66184,-2
Fri Nov 03 00:07:28 +0000 2017,0,0,512848995,"New York, NY ",2780,361,46,583666,False,22805,-2
Fri Nov 03 00:07:35 +0000 2017,0,0,912409236587601921,None,22,179,0,566,False,805,-2
Fri Nov 03 00:07:45 +0000 2017,0,0,2277246072,con las putitas,500,433,2,11079,False,10057,-2
Fri Nov 03 00:07:53 +0000 2017,0,0,72081096,"Brownsville, TX",914,632,3,10846,False,29187,-2
Fri Nov 03 00:07:58 +0000 2017,0,0,1544482682,None,533,1084,2,11763,False,3616,-2
Fri Nov 03 00:08:09 +0000 2017,0,0,1142942540,None,840,511,4,18428,False,16840,-2
Fri Nov 03 00:08:15 +0000 2017,0,0,251946103,"Pullman, WA",755,803,3,12816,False,16167,-2
Fri Nov 03 00:08:21 +0000 2017,0,0,2600358696,Vic,748,697,3,6141,False,12766,-2
Fri Nov 03 00:08:23 +0000 2017,0,0,24554640,"Seattle, WA",438,827,7,6774,False,1252,-2
Fri Nov 03 00:08:24 +0000 2017,0,0,280639031,North Carolina and Beyond,1158,1667,26,677,False,16834,-2
Fri Nov 03 00:08:27 +0000 2017,0,0,3252931003,"Las Vegas, NV",139,103,17,75,False,4340,-2
Fri Nov 03 00:08:37 +0000 2017,0,0,2323238577,Williamsburg Brooklyn,683,752,21,67678,False,34973,-2
Fri Nov 03 00:08:41 +0000 2017,0,0,556162992,Posted ,543,475,0,3829,False,9653,-2
Fri Nov 03 00:08:43 +0000 2017,0,0,2970915460,None,222,215,0,1154,False,1144,-2
Fri Nov 03 00:08:55 +0000 2017,0,0,909548306434367490,"Social Circle, GA",80,584,0,5182,False,1587,-2
Fri Nov 03 00:09:00 +0000 2017,0,0,3222326768,"广东, 中华人民共和国",9,41,0,71,False,102,-2
Fri Nov 03 00:09:05 +0000 2017,0,0,717780978584801281,None,97,63,4,27,False,265,-2
Fri Nov 03 00:09:06 +0000 2017,0,0,832354952844541952,"St Johns, FL",710,1043,11,15713,False,10006,-2
Fri Nov 03 00:09:19 +0000 2017,0,0,24580091,NYC,539,483,10,23214,False,12380,-2
Fri Nov 03 00:09:35 +0000 2017,0,0,377670932,None,833,640,5,14829,False,36459,-2
Fri Nov 03 00:09:42 +0000 2017,0,0,2857516183,You are home ,599,557,2,6164,False,18124,-2
Fri Nov 03 00:10:01 +0000 2017,0,0,276088212,None,378,317,1,11356,False,14026,-2
Fri Nov 03 00:10:21 +0000 2017,0,0,4519672527,"Statham, GA",724,1372,83,62296,False,16792,-2
Fri Nov 03 00:10:23 +0000 2017,0,0,5538582,BOS BDL NRT SFO,1501,761,337,12170,False,82823,-2
Fri Nov 03 00:10:30 +0000 2017,0,0,2192733124,Philadelphia,142,359,0,79,False,241,-2
Fri Nov 03 00:10:31 +0000 2017,0,0,854147892,"Houston, TX",642,580,1,2344,False,349,-2
Fri Nov 03 00:10:34 +0000 2017,0,0,2192733124,Philadelphia,142,359,0,79,False,242,-2
Fri Nov 03 00:10:48 +0000 2017,0,0,16331842,N 32°47' 0'' / W 96°48' 0'',4204,3742,180,4970,False,17385,-2
Fri Nov 03 00:10:56 +0000 2017,0,0,2223893877,None,154,1551,4,2063,False,5175,-2
Fri Nov 03 00:11:03 +0000 2017,0,0,170916574,"Detroit,MI ",1755,1705,2,15814,False,78206,-2
Fri Nov 03 00:11:07 +0000 2017,0,0,455623022,Philadelphia,1092,4672,19,1983,False,5605,-2
Fri Nov 03 00:11:15 +0000 2017,0,0,237936616,"Charlotte, NC",352,340,3,653,False,943,-2
Fri Nov 03 00:11:18 +0000 2017,0,0,480544088,"Edgewood, NM  Canyon, TX",437,587,5,4022,False,13605,-2
Fri Nov 03 00:11:33 +0000 2017,0,0,597131853,"Powell, Tennessee ",707,412,12,7737,False,4809,-2
Fri Nov 03 00:11:36 +0000 2017,0,0,3108828058,"Berkeley, CA",148,102,4,2346,False,7707,-2
Fri Nov 03 00:11:52 +0000 2017,0,0,1682515466,None,2223,1471,3,22240,False,46115,-2
Fri Nov 03 00:12:00 +0000 2017,0,0,2235168884,"Chiefland, FL ",780,587,3,2971,False,3327,-2
Fri Nov 03 00:12:11 +0000 2017,0,0,3153702457,"Boardman, OH",932,856,2,24439,False,24943,-2
Fri Nov 03 00:12:16 +0000 2017,0,0,1942381891,"Blackwood, NJ",659,283,2,8884,False,13794,-2
Fri Nov 03 00:12:25 +0000 2017,0,0,4064620214,None,67,62,0,990,False,778,-2
Fri Nov 03 00:12:32 +0000 2017,0,0,2904346155,"Utica, OH",453,1606,1,222,False,2611,-2
Fri Nov 03 00:12:54 +0000 2017,0,0,1077676104,"Green Bay, WI",1812,2967,62,5467,False,35690,-2
Fri Nov 03 00:13:01 +0000 2017,0,0,3514097597,"St. Catharines, Ontario",138,411,9,15936,False,13360,-2
Fri Nov 03 00:13:21 +0000 2017,0,0,23719415,Connecticut ,336,461,4,1358,False,30822,-2
Fri Nov 03 00:13:21 +0000 2017,0,0,1323524556,"Weatherford, TX",403,267,0,2270,False,1102,-2
Fri Nov 03 00:13:28 +0000 2017,0,0,155763127,Los Angeles,1788,145,36,235,False,2939,-2
Fri Nov 03 00:13:30 +0000 2017,0,0,3027128370,QUISEWORLD,971,636,35,2413,False,21184,-2
Fri Nov 03 00:13:41 +0000 2017,0,0,715433952,"Ogden, UT",481,374,9,22046,False,25596,-2
Fri Nov 03 00:13:42 +0000 2017,0,0,4852434473,"Alabama, USA",802,600,57,10798,False,51339,-2
Fri Nov 03 00:13:52 +0000 2017,0,0,2721250457,"Lake Arthur, LA",131,366,1,104,False,440,-2
Fri Nov 03 00:13:53 +0000 2017,0,0,319195996,SteveDr1ve Block,3490,2911,6,6208,False,23924,-2
Fri Nov 03 00:13:54 +0000 2017,0,0,171456457,Chicago/Queens,207,522,1,11758,False,5651,-2
Fri Nov 03 00:13:58 +0000 2017,0,0,788609378,"Philadelphia, PA",2674,2443,21,81566,False,47843,-2
Fri Nov 03 00:14:05 +0000 2017,0,0,335734755,"Sacramento, CA",258,203,3,6426,False,3451,-2
Fri Nov 03 00:14:07 +0000 2017,0,0,908497292608520194,"Fruitvale, CO",65,284,2,282,False,1980,-2
Fri Nov 03 00:14:12 +0000 2017,0,0,940344632,Richmond-Pittsburgh-Sri Lanka,1559,1806,80,45742,False,18187,-2
Fri Nov 03 00:14:26 +0000 2017,0,0,441064195,"Fresno, CA",449,338,1,5568,False,13760,-2
Fri Nov 03 00:14:39 +0000 2017,0,0,491655986,None,395,414,1,2755,False,4916,-2
Fri Nov 03 00:14:46 +0000 2017,0,0,798698636,"Evansville, IN",128,217,6,4684,False,6615,-2
Fri Nov 03 00:15:12 +0000 2017,0,0,922306591,"Vancouver, Canada",34,6,0,409,False,1137,-2
Fri Nov 03 00:15:36 +0000 2017,0,0,1533934830,Hampton University,1952,661,5,6231,False,100945,-2
Fri Nov 03 00:15:39 +0000 2017,0,0,4117374554,Naptown,385,256,1,5069,False,3871,-2
Fri Nov 03 00:15:47 +0000 2017,0,0,2287367207,"Elizabethtown, KY",48,48,0,256,False,256,-2
Fri Nov 03 00:16:12 +0000 2017,0,0,863913246,"Frederick, MD",273,305,39,41447,False,32459,-2
Fri Nov 03 00:16:22 +0000 2017,0,0,2235584413,FuckingHell,259,374,4,7985,False,18024,-2
Fri Nov 03 00:16:38 +0000 2017,0,0,443481110,None,2913,2247,4,10127,False,38763,-2
Fri Nov 03 00:16:48 +0000 2017,0,0,729745131918626817,"Dallas, TX",2097,139,66,116459,False,80252,-2
Fri Nov 03 00:16:49 +0000 2017,0,0,591331575,"New York, New York",238,163,8,110,False,955,-2
Fri Nov 03 00:16:58 +0000 2017,0,0,3112506225,JAPAN,1202,823,5,7103,False,9581,-2
Fri Nov 03 00:17:05 +0000 2017,0,0,772690484,Dunn,1144,819,2,10147,False,27702,-2
Fri Nov 03 00:17:08 +0000 2017,0,0,176325871,"Las Vegas, NV, USA",4033,4746,18,936,False,12404,-2
Fri Nov 03 00:17:08 +0000 2017,0,0,381452473,Illinois,43,88,0,1154,False,558,-2
Fri Nov 03 00:17:51 +0000 2017,0,0,1626658801,"Brooklyn, NY",341,887,6,858,False,892,-2
Fri Nov 03 00:18:03 +0000 2017,0,0,90953749,"Charlotte, NC",361,1219,16,5580,False,2281,-2
Fri Nov 03 00:18:12 +0000 2017,0,0,841092240051171328,"Atlanta, GA",103,153,0,6030,False,1483,-2
Fri Nov 03 00:18:12 +0000 2017,0,0,1972515397,la la land,694,253,5,6373,False,851,-2
Fri Nov 03 00:18:13 +0000 2017,0,0,558307118,None,114,289,3,20399,False,795,-2
Fri Nov 03 00:18:24 +0000 2017,0,0,2904346155,"Utica, OH",453,1606,1,222,False,2623,-2
Fri Nov 03 00:18:30 +0000 2017,0,0,22935853,Bookings MorgParks@gmail.com ,39958,10436,75,770,False,71414,-2
Fri Nov 03 00:18:36 +0000 2017,0,0,749883120,None,736,543,9,5638,False,61178,-2
Fri Nov 03 00:18:47 +0000 2017,0,0,43101628,"Frederick, MD",356,677,58,4338,False,17249,-2
Fri Nov 03 00:18:53 +0000 2017,0,0,830106318,surrounded by fuckery,1493,1183,3,4171,False,13490,-2
Fri Nov 03 00:18:54 +0000 2017,0,0,724788629403525120,"Mandarin, FL",2006,4945,49,22220,False,38574,-2
Fri Nov 03 00:19:01 +0000 2017,0,0,2694698688,"Boone, NC",266,240,0,4210,False,6039,-2
Fri Nov 03 00:19:02 +0000 2017,0,0,254909843,None,403,471,2,2071,False,2991,-2
Fri Nov 03 00:19:04 +0000 2017,0,0,23416511,D.C.,603,990,37,16366,False,7846,-2
Fri Nov 03 00:19:11 +0000 2017,0,0,2193622788,Clemson SC ,489,687,3,3884,False,2697,-2
Fri Nov 03 00:19:27 +0000 2017,0,0,704139029,Dade County ,1298,847,3,26772,False,30499,-2
Fri Nov 03 00:19:45 +0000 2017,0,0,846550620098215936,"Norfolk, VA",73,91,0,239,False,1931,-2
Fri Nov 03 00:19:49 +0000 2017,0,0,705226364333371392,Probably with Raigan,215,290,2,25091,False,4159,-2
Fri Nov 03 00:19:54 +0000 2017,0,0,1942381891,"Blackwood, NJ",659,283,2,8884,False,13794,-2
Fri Nov 03 00:19:58 +0000 2017,0,0,2654691544,"Rahway, NJ",75,111,1,899,False,606,-2
Fri Nov 03 00:20:10 +0000 2017,0,0,2784512060,None,299,385,8,1500,False,2337,-2
Fri Nov 03 00:20:16 +0000 2017,0,0,1276204477,"Oshkosh, WI/Madison, WI",666,535,4,9747,False,24640,-2
Fri Nov 03 00:20:21 +0000 2017,0,0,3283925953,956,297,325,1,6217,False,3250,-2
Fri Nov 03 00:20:26 +0000 2017,0,0,44774988,"Atlanta, GA",1744,1123,17,14563,False,94490,-2
Fri Nov 03 00:20:44 +0000 2017,0,0,917843873719898113,"Winston-Salem, NC",46,103,1,369,False,420,-2
Fri Nov 03 00:20:52 +0000 2017,0,0,2842841126,"Norman, OK",45125,36,81,7101,True,5435,-2
Fri Nov 03 00:20:55 +0000 2017,0,0,250948068,None,1262,2316,7,3277,False,17566,-2
Fri Nov 03 00:21:09 +0000 2017,0,0,77620073,"Walnut Creek, CA",494,459,6,17743,False,10225,-2
Fri Nov 03 00:21:42 +0000 2017,0,0,764954810743259137,"Wailuku, HI",118,172,0,863,False,563,-2
Fri Nov 03 00:21:49 +0000 2017,0,0,3223762598,"Salt Lake City, UT",261,850,18,1549,False,751,-2
Fri Nov 03 00:22:03 +0000 2017,0,0,49708984,instagram : Martinsalv_,1305,335,3,186,False,39330,-2
Fri Nov 03 00:22:07 +0000 2017,0,0,511514308,"Dallas, TX",2354,429,16,7542,False,2629,-2
Fri Nov 03 00:22:19 +0000 2017,0,0,1849898166,"Dallas, TX",1965,1588,10,9204,False,127990,-2
Fri Nov 03 00:22:19 +0000 2017,0,0,29157756,Los Angeles,1440,2363,46,47392,False,51872,-2
Fri Nov 03 00:22:28 +0000 2017,0,0,2274111344,Chicago,708,1041,51,35743,False,72921,-2
Fri Nov 03 00:22:31 +0000 2017,0,0,1290185702,Home ,198,191,1,8222,False,2072,-2
Fri Nov 03 00:22:34 +0000 2017,0,0,28229262,"Fair Oaks, CA",799,329,7,801,False,6391,-2
Fri Nov 03 00:22:37 +0000 2017,0,0,1684716468,"Jackson, NJ",590,1029,5,9412,False,11446,-2
Fri Nov 03 00:22:48 +0000 2017,0,0,2409848796,kansas,376,312,2,15753,False,1531,-2
Fri Nov 03 00:22:59 +0000 2017,0,0,385719500,Dallas,348,285,2,2062,False,14076,-2
Fri Nov 03 00:23:00 +0000 2017,0,0,104719057,"Erie, PA",329,225,4,21819,False,11794,-2
Fri Nov 03 00:23:01 +0000 2017,0,0,387446270,"Myrtle Beach, SC",432,393,0,987,False,3964,-2
Fri Nov 03 00:23:03 +0000 2017,0,0,45505326,DC,2765,823,8,7282,False,85894,-2
Fri Nov 03 00:23:06 +0000 2017,0,0,110174925,Grand BahamaNassau,806,482,6,732,False,105618,-2
Fri Nov 03 00:23:13 +0000 2017,0,0,25636371,"HOLLYWOOD, CA",2688,418,42,8595,False,16024,-2
Fri Nov 03 00:23:17 +0000 2017,0,0,176600133,918 Tulsa Ok,2187,861,40,45,False,39767,-2
Fri Nov 03 00:23:19 +0000 2017,0,0,300360483,"Winona, MS",926,2778,6,4558,False,21466,-2
Fri Nov 03 00:23:20 +0000 2017,0,0,19223699,None,308,2345,3,4071,False,2629,-2
Fri Nov 03 00:23:23 +0000 2017,0,0,146742551,352407,408,780,1,4236,False,6585,-2
Fri Nov 03 00:23:23 +0000 2017,0,0,519783966,"Colorado Springs, CO",4311,684,20,5848,False,9715,-2
Fri Nov 03 00:23:24 +0000 2017,0,0,2199871040,Texas nigga in the Box,631,626,1,3383,False,11695,-2
Fri Nov 03 00:23:25 +0000 2017,0,0,797663012,Here ,242,224,4,944,False,19035,-2
Fri Nov 03 00:23:42 +0000 2017,0,0,44682621,NY,11,1035,5,6,False,19,-2
Fri Nov 03 00:23:52 +0000 2017,0,0,846445430653272064,"Flint, MI",238,485,0,43,False,183,-2
Fri Nov 03 00:23:53 +0000 2017,0,0,1869741372,"Schaumburg, IL",325,201,1,7159,False,25402,-2
Fri Nov 03 00:24:00 +0000 2017,0,0,242759066,"Fort Meade, MD",4353,331,28,738,False,6539,-2
Fri Nov 03 00:24:20 +0000 2017,0,0,2508556334,"Lexington, SC",1353,1424,1,8744,False,7715,-2
Fri Nov 03 00:24:25 +0000 2017,0,0,1206610268,Canoga park  Chicago ,515,334,3,9735,False,4214,-2
Fri Nov 03 00:24:28 +0000 2017,0,0,3239557449,"Charleston, SC",266,190,7,8561,False,15659,-2
Fri Nov 03 00:24:34 +0000 2017,0,0,853405974,"Morrison, IL",672,875,1,3781,False,5545,-2
Fri Nov 03 00:25:13 +0000 2017,0,0,877355261505228800,None,27,41,0,584,False,61,-2
Fri Nov 03 00:25:30 +0000 2017,0,0,2482170993,Somewhereinamerica,1101,985,4,7829,False,17822,-2
Fri Nov 03 00:25:57 +0000 2017,0,0,727474639467851780,None,1112,693,7,6405,False,45251,-2
Fri Nov 03 00:26:08 +0000 2017,0,0,841797902334889985,"Boston, MA",148,2518,0,2585,False,1510,-2
Fri Nov 03 00:26:09 +0000 2017,0,0,3149073554,None,474,563,3,4130,False,3696,-2
Fri Nov 03 00:26:10 +0000 2017,0,0,171335544,None,124,106,1,3075,False,13899,-2
Fri Nov 03 00:26:11 +0000 2017,0,0,498469993,"Tuttle/Norman, Oklahoma.",867,575,1,8694,False,38397,-2
Fri Nov 03 00:26:13 +0000 2017,0,0,414370699,"Riverdale, IL",386,389,2,298,False,14742,-2
Fri Nov 03 00:26:15 +0000 2017,0,0,342848852,md livin',705,343,0,3705,False,11436,-2
Fri Nov 03 00:26:16 +0000 2017,0,0,812079239612788736,"Racine, WI",726,977,6,8620,False,22130,-2
Fri Nov 03 00:26:16 +0000 2017,0,0,17839813,"St George, UT",2068,2084,71,38710,False,40142,-2
Fri Nov 03 00:26:16 +0000 2017,0,0,146093355,"$tony Hillz, Jamaica  LA",687,202,6,1068,False,9999,-2
Fri Nov 03 00:26:17 +0000 2017,0,0,757504946094739458,None,304,372,11,3790,False,1184,-2
Fri Nov 03 00:26:17 +0000 2017,0,0,901088995509194754,North America,61,138,0,520,False,662,-2
Fri Nov 03 00:26:49 +0000 2017,0,0,2388278646,NawfSide HTX.,357,277,4,7777,False,14789,-2
Fri Nov 03 00:26:50 +0000 2017,0,0,825259273802379264,The 6,550,61,0,2821,False,2975,-2
Fri Nov 03 00:26:51 +0000 2017,0,0,1944153853,"Pittsburgh, PA",765,885,1,1454,False,1452,-2
Fri Nov 03 00:26:53 +0000 2017,0,0,476404804,"Sioux City, IA",2789,687,7,29075,False,26023,-2
Fri Nov 03 00:27:32 +0000 2017,0,0,273217270,PVAMU,1075,2377,5,10300,False,13243,-2
Fri Nov 03 00:27:40 +0000 2017,0,0,4426884672,"Louisiana, USA",413,496,0,4519,False,5711,-2
Fri Nov 03 00:27:42 +0000 2017,0,0,837448090835644416,"Charlotte Amalie, Virgin Islands",360,312,0,922,False,2866,-2
Fri Nov 03 00:27:55 +0000 2017,0,0,729135326,"Tampa, FL",4058,2909,46,154605,False,153851,-2
Fri Nov 03 00:28:34 +0000 2017,0,0,3514097597,"St. Catharines, Ontario",138,411,9,15938,False,13366,-2
Fri Nov 03 00:28:35 +0000 2017,0,0,366358076,in the books,3028,1238,6,17971,False,30913,-2
Fri Nov 03 00:28:38 +0000 2017,0,0,361631222,"Kentucky, USA",547,220,103,102945,False,45899,-2
Fri Nov 03 00:28:38 +0000 2017,0,0,91488663,"Alabama, USA",464,211,2,8765,False,25048,-2
Fri Nov 03 00:28:53 +0000 2017,0,0,4063153575,"Wind Point, WI",72,150,1,3369,False,3929,-2
Fri Nov 03 00:28:58 +0000 2017,0,0,331844136,"Freeport, Bahamas",1375,1167,1,1242,False,46450,-2
Fri Nov 03 00:28:59 +0000 2017,0,0,40667147,"Miami, Florida",286,337,9,64,False,6955,-2
Fri Nov 03 00:29:03 +0000 2017,0,0,778031817001537536,"El Dorado Hills, CA",438,799,3,2703,False,1187,-2
Fri Nov 03 00:29:07 +0000 2017,0,0,956348978,None,754,573,3,3528,False,3797,-2
Fri Nov 03 00:29:11 +0000 2017,0,0,243318305,"Port St Lucie, FL",4869,441,35,7841,False,80211,-2
Fri Nov 03 00:29:22 +0000 2017,0,0,557985731,None,347,730,0,1758,False,7612,-2
Fri Nov 03 00:29:28 +0000 2017,0,0,2841710208,None,680,616,2,5793,False,3796,-2
Fri Nov 03 00:29:43 +0000 2017,0,0,778031817001537536,"El Dorado Hills, CA",438,799,3,2703,False,1188,-2
Fri Nov 03 00:29:52 +0000 2017,0,0,4426884672,"Louisiana, USA",413,496,0,4520,False,5713,-2
Fri Nov 03 00:29:55 +0000 2017,0,0,2293722684,None,685,757,1,2471,False,4630,-2
Fri Nov 03 00:30:02 +0000 2017,0,0,758502537272004609,"Davenport, IA",281,501,0,3596,False,2552,-2
Fri Nov 03 00:30:08 +0000 2017,0,0,2841710208,None,680,616,2,5794,False,3798,-2
Fri Nov 03 00:30:13 +0000 2017,0,0,3050911686,"Indianapolis, IN",87,174,2,1571,False,1860,-2
Fri Nov 03 00:30:16 +0000 2017,0,0,1206364327,"Lake Mary, FLA",135,733,5,21,False,178,-2
Fri Nov 03 00:30:19 +0000 2017,0,0,186412509,"Brooklyn , NY",1847,538,51,2918,False,158911,-2
Fri Nov 03 00:30:33 +0000 2017,0,0,126573527,Everywhere,463,669,3,629,False,11516,-2
Fri Nov 03 00:30:41 +0000 2017,0,0,1199705317,hillsdale '17,999,746,6,20464,False,19414,-2
Fri Nov 03 00:30:42 +0000 2017,0,0,1851858510,"Ada, OK",876,1219,2,8379,False,7201,-2
Fri Nov 03 00:30:42 +0000 2017,0,0,223008762,Massachusetts,125,425,13,409,False,7831,-2
Fri Nov 03 00:30:46 +0000 2017,0,0,164734539,"Stockbridge, GA",332,132,4,1425,False,4731,-2
Fri Nov 03 00:31:01 +0000 2017,0,0,336661908,United States,5731,5558,12,2024,False,57052,-2
Fri Nov 03 00:31:03 +0000 2017,0,0,2945364197,Cloud 9,394,99,2,3727,False,5658,-2
Fri Nov 03 00:31:07 +0000 2017,0,0,21714538,San Francisco,13348,493,644,32023,True,20363,-2
Fri Nov 03 00:31:08 +0000 2017,0,0,498494887,"Manhattan, NY",3984,2264,69,13171,True,12933,-2
Fri Nov 03 00:31:10 +0000 2017,0,0,795868785127329792,"Toronto, Ontario",121,61,4,462,False,273,-2
Fri Nov 03 00:31:28 +0000 2017,0,0,93294205,"California, USA",1711,613,30,155,False,95346,-2
Fri Nov 03 00:31:37 +0000 2017,0,0,2963749037,"South Bronx, NY",1084,1056,8,473,False,2280,-2
Fri Nov 03 00:31:39 +0000 2017,0,0,861407940930129922,"Colorado, USA",75,195,0,67,False,274,-2
Fri Nov 03 00:31:44 +0000 2017,0,0,2480518484,"Miami, FL",379,448,2,11530,False,3102,-2
Fri Nov 03 00:32:04 +0000 2017,0,0,4341439223,None,1234,1040,6,10556,False,6532,-2
Fri Nov 03 00:32:06 +0000 2017,0,0,935413489,"SF, CA",208,1389,13,15744,False,6498,-2
Fri Nov 03 00:32:12 +0000 2017,0,0,47001368,"Los Angeles, CA",8393,1004,36,1314,False,3146,-2
Fri Nov 03 00:32:14 +0000 2017,0,0,634115449,None,570,124,24,1606,False,42475,-2
Fri Nov 03 00:32:17 +0000 2017,0,0,1921967982,Among the unknown ,1319,3558,4,8286,False,4922,-2
Fri Nov 03 00:32:27 +0000 2017,0,0,243779762,"Richmond, VA",762,931,16,23652,False,17329,-2
Fri Nov 03 00:32:30 +0000 2017,0,0,570201871,"Pompano Beach, FL",553,439,3,971,False,15939,-2
Fri Nov 03 00:33:02 +0000 2017,0,0,529598800,Juice County,534,1242,12,2001,False,2715,-2
Fri Nov 03 00:33:06 +0000 2017,0,0,2290653890,MURDER CITY  Scary GARY ,1155,1298,4,6299,False,8902,-2
Fri Nov 03 00:33:18 +0000 2017,0,0,2930401608,"Watonga, OK",336,323,1,2831,False,1879,-2
Fri Nov 03 00:33:37 +0000 2017,0,0,1161950772,"Azusa, CA",529,501,4,412,False,1696,-2
Fri Nov 03 00:33:37 +0000 2017,0,0,76993897,"Smyrna, GA",1043,802,7,12219,False,34573,-2
Fri Nov 03 00:33:39 +0000 2017,0,0,313507237,None,891,1144,4,440,False,20421,-2
Fri Nov 03 00:33:44 +0000 2017,0,0,2752184439,"Medford, OR ",664,525,2,19817,False,13502,-2
Fri Nov 03 00:33:47 +0000 2017,0,0,383263724,"Ruskin, FL",1211,846,3,18452,False,27117,-2
Fri Nov 03 00:33:51 +0000 2017,0,0,98087234,"Paola, KS",62,215,0,5699,False,2143,-2
Fri Nov 03 00:33:52 +0000 2017,0,0,357532117,None,963,860,15,3149,False,40460,-2
Fri Nov 03 00:33:58 +0000 2017,0,0,69050359,"Erwinville, Louisiana ",1006,1060,4,1974,False,15391,-2
Fri Nov 03 00:34:03 +0000 2017,0,0,330077162,"Youngstown, OH",504,241,0,1641,False,15928,-2
Fri Nov 03 00:34:06 +0000 2017,0,0,16422305,netizen & global citizen ,23233,13116,895,29647,False,100042,-2
Fri Nov 03 00:34:20 +0000 2017,0,0,15455345,"Portland, OR",2601,1300,103,2212,False,39293,-2
Fri Nov 03 00:34:36 +0000 2017,0,0,863206463296094208,"California, USA",44,234,1,164,False,457,-2
Fri Nov 03 00:35:10 +0000 2017,0,0,2472914160,None,1217,1024,0,2983,False,12910,-2
Fri Nov 03 00:35:28 +0000 2017,0,0,1059329731,None,756,98,1,5265,False,37591,-2
Fri Nov 03 00:35:40 +0000 2017,0,0,29319777,"Atlanta, GA",381897,155675,547,887,False,107105,-2
Fri Nov 03 00:35:48 +0000 2017,0,0,2724997336,Northside,827,505,5,38480,False,58462,-2
Fri Nov 03 00:36:14 +0000 2017,0,0,2720967164,"Franklin, Texas ",259,273,0,874,False,1789,-2
Fri Nov 03 00:36:21 +0000 2017,0,0,224230929,"Commerce, GA",2422,3626,71,5296,False,19378,-2
Fri Nov 03 00:36:26 +0000 2017,0,0,1264998060,901|615 ,1341,1361,3,16240,False,23536,-2
Fri Nov 03 00:36:33 +0000 2017,0,0,32589996,"Chicago, IL",862,473,25,1797,False,1963,-2
Fri Nov 03 00:36:38 +0000 2017,0,0,31648338,"Hampton, VA",9672,9190,114,696,False,7626,-2
Fri Nov 03 00:36:40 +0000 2017,0,0,284772314,"Phoenix, AZ",563,70,10,259,False,2102,-2
Fri Nov 03 00:36:51 +0000 2017,0,0,289778466,"Wisconsin, USA",574,230,2,3791,False,21369,-2
Fri Nov 03 00:36:52 +0000 2017,0,0,71447722,"Raleigh, NC via San Diego, CA",2008,1427,127,37547,False,65490,-2
Fri Nov 03 00:36:57 +0000 2017,0,0,348766713,"Sonora, México",344,224,0,13281,False,13721,-2
Fri Nov 03 00:37:07 +0000 2017,0,0,2949446070,None,124,82,0,457,False,2820,-2
Fri Nov 03 00:37:16 +0000 2017,0,0,1033883402,None,301,236,0,1718,False,765,-2
Fri Nov 03 00:37:16 +0000 2017,0,0,436032857,"East Village, New York",6949,943,158,6502,False,12446,-2
Fri Nov 03 00:37:27 +0000 2017,0,0,354075414,"Des Moines, IA",362,276,14,3729,False,8043,-2
Fri Nov 03 00:37:30 +0000 2017,0,0,23887116,"Dorchester, MA",959,1159,41,364,False,2740,-2
Fri Nov 03 00:37:31 +0000 2017,0,0,885160904479920128,"Manhattan, NY",79,86,0,62,False,767,-2
Fri Nov 03 00:37:35 +0000 2017,0,0,724224397,"San Antonio, TX",708,369,1,12472,False,19718,-2
Fri Nov 03 00:37:44 +0000 2017,0,0,3808325894,bay area,700,648,5,15333,False,27927,-2
Fri Nov 03 00:37:50 +0000 2017,0,0,23431833,Outside of Detroit,881,69,40,785,False,2607,-2
Fri Nov 03 00:37:56 +0000 2017,0,0,15455345,"Portland, OR",2601,1300,103,2212,False,39294,-2
Fri Nov 03 00:37:58 +0000 2017,0,0,381953421,"Detroit, MI",923,341,14,1615,False,6196,-2
Fri Nov 03 00:38:00 +0000 2017,0,0,598389296,Duval County,347,171,0,3423,False,4315,-2
Fri Nov 03 00:38:03 +0000 2017,0,0,4512212094,"Round Rock, TX",1348,416,8,4857,False,5085,-2
Fri Nov 03 00:38:04 +0000 2017,0,0,2559545466,California East Bay Area,66,543,6,105,False,612,-2
Fri Nov 03 00:38:17 +0000 2017,0,0,506055373,"New York, USA",144,202,3,540,False,141,-2
Fri Nov 03 00:38:29 +0000 2017,0,0,395399205,"South Jersey
",360,742,17,5542,False,35990,-2
Fri Nov 03 00:38:32 +0000 2017,0,0,198029053,"T: 39.757858,-104.913088",183,197,28,241,False,1909,-2
Fri Nov 03 00:38:49 +0000 2017,0,0,69050359,"Erwinville, Louisiana ",1006,1060,4,1974,False,15392,-2
Fri Nov 03 00:38:54 +0000 2017,0,0,27943005,"Florida, USA",22901,20218,573,20564,True,47918,-2
Fri Nov 03 00:38:59 +0000 2017,0,0,815075948982861824,"Texas, USA",320,182,4,3264,False,6982,-2
Fri Nov 03 00:39:22 +0000 2017,0,0,72993012,"West Hollywood, CA",306,336,2,0,False,17409,-2
Fri Nov 03 00:39:27 +0000 2017,0,0,200723505,"Chicago, IL",1018,2528,26,344,False,20019,-2
Fri Nov 03 00:39:41 +0000 2017,0,0,705522324510896128,"South Wenatchee, WA",303,245,2,4264,False,6886,-2
Fri Nov 03 00:40:10 +0000 2017,0,0,2895665955,None,661,389,2,3372,False,7045,-2
Fri Nov 03 00:40:13 +0000 2017,0,0,796753899810160640,None,160,152,1,15339,False,14711,-2
Fri Nov 03 00:40:13 +0000 2017,0,0,317921073,"Minneapolis, MN",342,692,52,347,False,905,-2
Fri Nov 03 00:40:16 +0000 2017,0,0,4824416554,"Centerville, OH",68,160,0,3679,False,126,-2
Fri Nov 03 00:40:16 +0000 2017,0,0,933380940,"Smyrna, GA",1196,993,4,1842,False,31481,-2
Fri Nov 03 00:40:23 +0000 2017,0,0,70385368,Perrysburg Ohio,493,1106,27,38078,False,24869,-2
Fri Nov 03 00:40:23 +0000 2017,0,0,1019484356,"Sylmar, Los Angeles",314,313,6,1599,False,6868,-2
Fri Nov 03 00:40:37 +0000 2017,0,0,392178271,"Atlanta, GA",1397,975,7,6825,False,7969,-2
