created_at,favorite_count,retweet_count,id_str,location,followers_count,friends_count,listed_count,favourites_count,verified,statuses_count,label
Fri Oct 27 18:08:17 +0000 2017,0,5,45577446,"New York, NY",444457,1137,11393,1180,True,61928,-2.5
Mon Jun 05 16:18:22 +0000 2017,0,0,15782832,"Fairfax County, Virginia",1190,2450,44,1086,False,1885,-2.5
Tue Oct 31 01:25:03 +0000 2017,0,11,177681327,"Portland, OR",27417,937,549,51568,True,114,-2.5
Fri Oct 27 04:22:17 +0000 2017,0,6942,177681327,"Portland, OR",27417,937,549,51568,True,114,-2.5
Fri Oct 20 12:59:50 +0000 2017,12,7,7228682,New York,77508,146,2367,26,True,45880,-2.5
Wed Oct 04 14:54:40 +0000 2017,259,78,22523087,"Nashville, Tennessee",18580,588,841,526,True,2346,-2.5
Tue Aug 15 20:59:53 +0000 2017,150,50,22523087,"Nashville, Tennessee",18580,588,841,526,True,2346,-2.5
Sat Aug 12 16:22:44 +0000 2017,568,189,22523087,"Nashville, Tennessee",18580,588,841,526,True,2346,-2.5
Sat Aug 12 16:02:39 +0000 2017,0,8563,22523087,"Nashville, Tennessee",18580,588,841,526,True,2346,-2.5
Thu Jul 02 19:41:47 +0000 2015,2,2,9272612,"Carlsbad, CA",2625,2665,104,2394,False,3857,-2.5
Sun Sep 17 21:21:04 +0000 2017,2671,278,14790966,"Nashville, Tennessee",4687598,37,15439,156,True,1578,-2.5
Wed May 31 01:12:06 +0000 2017,0,1,66988310,South New Jersey,520,934,32,878,False,4834,-2.5
Thu May 11 01:58:14 +0000 2017,0,3,66988310,South New Jersey,520,934,32,878,False,4834,-2.5
Fri May 06 20:23:17 +0000 2011,0,0,211261049,"Portland, OR",55,255,3,46,False,142,-2.5
Sun Aug 13 02:56:55 +0000 2017,6,0,246972341,Chicago/Washington DC,1694,1619,85,1000,True,2607,-2.5
Thu Oct 12 04:47:28 +0000 2017,0,130,251502918,Peoria Illinois,48736,48880,58,22745,False,184364,-2.5
Tue Oct 03 21:10:47 +0000 2017,1,0,251502918,Peoria Illinois,48736,48880,58,22745,False,184364,-2.5
Mon Oct 02 18:49:05 +0000 2017,0,0,251502918,Peoria Illinois,48736,48880,58,22745,False,184364,-2.5
Wed Sep 27 07:19:26 +0000 2017,0,19408,251502918,Peoria Illinois,48736,48880,58,22745,False,184364,-2.5
Sun May 17 16:17:46 +0000 2015,23,16,146491026,New York City,64292,51164,1585,39335,False,15831,-2.5
Fri May 19 23:26:18 +0000 2017,1,0,20014221,"Mountain View, CA",1007,296,41,261,False,4654,-2.5
Wed May 17 18:23:24 +0000 2017,0,0,20014221,"Mountain View, CA",1007,296,41,261,False,4654,-2.5
Wed Jan 14 01:35:49 +0000 2009,0,0,18946409,Texas,814,167,32,4,False,83,-2.5
Sat Oct 14 16:28:26 +0000 2017,3,0,25629634,"Manhattan, NY",10578,468,122,7648,True,8406,-2.5
Mon Oct 23 20:04:06 +0000 2017,0,4,15766082,"Washington, DC",183692,10167,3359,5707,True,36400,-2.5
Mon Apr 17 14:27:32 +0000 2017,0,5,24500036,"Washington, DC",1039,1751,49,337,True,492,-2.5
Tue Jun 06 15:38:38 +0000 2017,3,0,702633590668922880,"Washington, DC",212,282,9,373,False,240,-2.5
Mon Apr 25 16:43:00 +0000 2016,1,1,702633590668922880,"Washington, DC",212,282,9,373,False,240,-2.5
Mon Dec 19 17:13:10 +0000 2016,8,0,3316189983,"Hollywood, CA",781,1021,14,906,False,669,-2.5
Thu Oct 05 16:56:13 +0000 2017,1,0,15563981,Arizona & N.C.,3931,2886,353,7028,False,22911,-2.5
Mon Oct 23 00:15:05 +0000 2017,0,6282,1874000340,WA,383,424,0,1585,False,1497,-2.5
Wed Oct 04 02:31:25 +0000 2017,0,245878,1874000340,WA,383,424,0,1585,False,1497,-2.5
Wed Apr 19 06:57:14 +0000 2017,0,8725,1874000340,WA,383,424,0,1585,False,1497,-2.5
Thu Nov 02 12:46:31 +0000 2017,0,294,197823320,"Las Vegas, NV",19955,1830,730,12392,False,815079,-2.5
Thu Jun 30 16:15:06 +0000 2016,0,0,15755270,"Washington, DC",673,858,33,26,False,157,-2.5
Sat Nov 12 03:30:56 +0000 2016,0,11,4508027298,"Ludington, MI",69,92,0,87,False,32,-2.5
Sat Oct 28 22:01:40 +0000 2017,110,44,58503762,"Washington, DC",69086,760,1426,10024,True,27000,-2.5
Sat Oct 28 19:43:42 +0000 2017,85,55,58503762,"Washington, DC",69086,760,1426,10024,True,27000,-2.5
Sat Oct 28 15:47:46 +0000 2017,63,39,58503762,"Washington, DC",69086,760,1426,10024,True,27000,-2.5
Wed Nov 01 15:31:13 +0000 2017,0,0,25934849,"Washington, DC",4126,1195,200,18626,True,36828,-2.5
Fri Oct 27 12:37:38 +0000 2017,1,0,25934849,"Washington, DC",4126,1195,200,18626,True,36828,-2.5
Fri Oct 27 00:29:45 +0000 2017,0,3,57411021,"New York, NY",112533,2928,4650,1616,True,42250,-2.5
Thu Oct 19 14:44:07 +0000 2017,0,0,167518667,New York,93747,1611,2491,6052,True,54296,-2.5
Mon Oct 23 14:04:24 +0000 2017,6,1,589668709,"New York, NY",560,249,4,5251,False,903,-2.5
Mon Aug 21 02:46:13 +0000 2017,5,0,589668709,"New York, NY",560,249,4,5251,False,903,-2.5
Sat Aug 19 18:10:44 +0000 2017,0,53031,589668709,"New York, NY",560,249,4,5251,False,903,-2.5
Fri Jun 02 15:32:14 +0000 2017,1,0,589668709,"New York, NY",560,249,4,5251,False,903,-2.5
Sat Sep 02 03:21:29 +0000 2017,0,8152,2509007959,"Ludington, MI",436,320,1,5653,False,1766,-2.5
Thu Aug 24 14:22:49 +0000 2017,6,2,2509007959,"Ludington, MI",436,320,1,5653,False,1766,-2.5
Sat Jul 15 20:38:44 +0000 2017,11,2,2509007959,"Ludington, MI",436,320,1,5653,False,1766,-2.5
Sun Oct 29 12:38:46 +0000 2017,5,0,95652758,"Washington, D.C.",9826,1757,323,4620,False,13171,-2.5
Wed Nov 01 22:09:09 +0000 2017,1,0,16123235,"Portland, OR",7392,342,275,18163,False,24173,-2.5
Wed Nov 01 21:42:34 +0000 2017,0,4,16123235,"Portland, OR",7392,342,275,18163,False,24173,-2.5
Mon Oct 16 18:51:11 +0000 2017,1,0,16123235,"Portland, OR",7392,342,275,18163,False,24173,-2.5
Wed Oct 11 18:17:40 +0000 2017,0,0,16123235,"Portland, OR",7392,342,275,18163,False,24173,-2.5
Tue Sep 26 15:38:30 +0000 2017,2,0,28062080,"Portland, OR",196,1045,10,2200,False,6121,-2.5
Tue Aug 22 17:38:09 +0000 2017,0,668,15505559,"New York, New York",6600,2416,269,3855,True,3682,-2.5
Fri Aug 18 15:01:26 +0000 2017,7,8,15505559,"New York, New York",6600,2416,269,3855,True,3682,-2.5
Thu Nov 02 19:34:28 +0000 2017,2,0,145773567,"Brooklyn, NY",14822,430,402,54502,False,397,-2.5
Thu Nov 02 14:05:11 +0000 2017,26,4,145773567,"Brooklyn, NY",14822,430,402,54502,False,397,-2.5
Mon Oct 23 16:31:47 +0000 2017,1,0,145773567,"Brooklyn, NY",14822,430,402,54502,False,397,-2.5
Tue Aug 15 15:30:14 +0000 2017,0,2,12655722,Missouri School of Journalism,24618,611,1421,745,False,5902,-2.5
Mon Aug 14 16:54:59 +0000 2017,0,21,12655722,Missouri School of Journalism,24618,611,1421,745,False,5902,-2.5
Mon Aug 14 15:22:09 +0000 2017,62,52,12655722,Missouri School of Journalism,24618,611,1421,745,False,5902,-2.5
Thu Oct 12 23:43:16 +0000 2017,9,6,101474181,"Kalamazoo, MI",6744,396,475,637,False,6139,-2.5
Wed Oct 11 16:30:29 +0000 2017,2,0,101474181,"Kalamazoo, MI",6744,396,475,637,False,6139,-2.5
Tue Oct 10 15:41:19 +0000 2017,0,16,47848003,"Washington, DC",14707,2710,505,4271,True,11922,-2.5
Tue Nov 15 23:47:35 +0000 2016,0,0,16788391,"Washington, D.C.",771,202,18,37,False,1957,-2.5
Mon Sep 12 16:08:54 +0000 2016,12,3,164412502,Washington DC,144739,1032,2931,956,True,12596,-2.5
Sat Aug 12 19:41:23 +0000 2017,238714,77109,939091,"Washington, D.C.",2453323,22,10715,0,True,1330,-2.5
Mon Jun 12 19:52:06 +0000 2017,11203,2018,939091,"Washington, D.C.",2453323,22,10715,0,True,1330,-2.5
Fri Apr 14 18:49:19 +0000 2017,15493,5288,939091,"Washington, D.C.",2453323,22,10715,0,True,1330,-2.5
Fri Sep 22 02:10:45 +0000 2017,31,15,505401571,"New York, NY",45526,47998,49,2,False,1819,-2.5
Sat Sep 16 17:28:06 +0000 2017,39,15,505401571,"New York, NY",45526,47998,49,2,False,1819,-2.5
Wed Nov 01 21:11:29 +0000 2017,108,89,21252618,Washington,93155,2898,2336,74,True,42957,-2.5
Thu Nov 02 11:44:45 +0000 2017,30,18,739973665631047680,"Beverly Grove, CA",6520,6300,54,1586,False,3150,-2.5
Wed Oct 25 22:45:59 +0000 2017,16,2,739973665631047680,"Beverly Grove, CA",6520,6300,54,1586,False,3150,-2.5
Fri Oct 27 02:07:58 +0000 2017,0,5319,456999599,"New Haven, CT",1265,1336,86,8312,False,6137,-2.5
Thu Oct 05 03:46:28 +0000 2017,3,0,456999599,"New Haven, CT",1265,1336,86,8312,False,6137,-2.5
Mon Sep 25 12:28:40 +0000 2017,0,7,227660675,"New York, NY",48011,892,1346,2683,True,14333,-2.5
Thu May 04 15:55:46 +0000 2017,1,0,570848593,"Washington, DC",434,475,15,316,False,715,-2.5
Mon Sep 11 14:56:00 +0000 2017,0,4,216549433,"Washington, D.C.",1341,1459,85,665,True,6613,-2.5
Sun May 21 21:53:02 +0000 2017,0,7033,278299653,"Maryland, USA",1127,890,0,5823,False,24681,-2.5
Wed Aug 16 18:36:19 +0000 2017,0,0,588551910,"Portland, OR",80,174,4,1959,False,634,-2.5
Tue Aug 01 22:26:21 +0000 2017,0,4595,253375098,"Virginia, USA",746,744,0,1148,False,6578,-2.5
Mon Oct 30 16:51:34 +0000 2017,2,3,90216414,"New York, NY",16762,3451,320,1570,True,23753,-2.5
Wed Oct 25 04:14:29 +0000 2017,0,159,1127353603,"Marquette, MI",377,236,1,7356,False,3244,-2.5
Wed Nov 01 21:31:07 +0000 2017,10,5,14717197,NY & DC,268012,583,9324,131,True,120864,-2.5
Tue Oct 31 17:17:49 +0000 2017,5,6,14717197,NY & DC,268012,583,9324,131,True,120864,-2.5
Mon Sep 25 19:46:26 +0000 2017,2,0,3095089653,"California, USA",21234,425,59,2671,False,2734,-2.5
Sun Sep 17 23:46:22 +0000 2017,1,0,3095089653,"California, USA",21234,425,59,2671,False,2734,-2.5
Sat Jun 03 22:43:59 +0000 2017,0,0,47519455,NYC,338,1452,10,594,False,1098,-2.5
Mon May 29 14:54:15 +0000 2017,0,12275,47519455,NYC,338,1452,10,594,False,1098,-2.5
Fri Sep 11 05:38:13 +0000 2015,1,0,71173827,"New York, NY",1272,406,20,197,False,5972,-2.5
Wed Oct 18 14:15:28 +0000 2017,1,0,1108676095,"Austin, TX",1954,5001,42,4702,False,7015,-2.5
Wed Jun 21 00:01:27 +0000 2017,0,148,2909744993,"Washington, DC",466,420,11,362,False,238,-2.5
Wed Mar 29 15:16:33 +0000 2017,0,37,2909744993,"Washington, DC",466,420,11,362,False,238,-2.5
Wed Mar 29 13:35:52 +0000 2017,3,0,2909744993,"Washington, DC",466,420,11,362,False,238,-2.5
Tue Jan 27 19:07:53 +0000 2015,0,10,24335159,"Los Angeles, CA",890,1774,73,855,False,1546,-2.5
Wed Oct 04 13:55:11 +0000 2017,0,0,49808712,"Rutherford, NJ",3665,993,191,22,False,45656,-2.5
Sat Jun 11 17:40:13 +0000 2016,0,1,533452328,"Los Angeles, CA",300,603,4,13196,False,401,-2.5
Tue Mar 14 05:09:22 +0000 2017,8,11,98015030,"Cambridge, MA",66969,156,1625,19,True,646,-2.5
Tue Oct 03 22:32:44 +0000 2017,0,2971,51794812,"Brooklyn, NY",1364,770,42,16850,False,15090,-2.5
Mon Sep 11 15:14:55 +0000 2017,0,2,51794812,"Brooklyn, NY",1364,770,42,16850,False,15090,-2.5
Fri Feb 26 18:22:46 +0000 2016,0,0,33421423,New York,145,389,3,20,False,94,-2.5
Mon Feb 15 13:33:58 +0000 2016,0,0,33421423,New York,145,389,3,20,False,94,-2.5
Thu Nov 02 03:16:40 +0000 2017,38,24,14348157,Here and there. Usually NYC.,99362,791,3334,4916,True,42351,-2.5
Thu Nov 02 02:19:01 +0000 2017,1,2,17906632,"Washington, DC ¡¤ 103.5 FM",263546,910,3031,1431,True,271608,-2.5
Mon Jul 18 01:03:59 +0000 2016,2656,941,325830217,"Washington, D.C.",2710594,133,8862,11,True,3657,-2.5
Sat May 20 02:25:06 +0000 2017,0,3,1102124178,"Ludington, MI",317,108,0,11056,False,2665,-2.5
Wed Oct 18 02:05:39 +0000 2017,1,0,36890646,"Washington, D.C.",63891,2062,1757,533,True,29451,-2.5
Tue Oct 17 20:29:57 +0000 2017,0,235,14276218,"Washington, DC",8485,1436,414,86,True,18275,-2.5
Fri Oct 20 12:34:06 +0000 2017,0,5,22669549,"Atlanta, GA",2656,1477,165,189,True,5317,-2.5
Mon Jul 17 19:40:45 +0000 2017,0,0,22669549,"Atlanta, GA",2656,1477,165,189,True,5317,-2.5
Wed Nov 01 22:44:11 +0000 2017,201,48,28785486,New York City / Worldwide,12603623,738,50413,460,True,185931,-2.5
Wed Oct 25 03:13:12 +0000 2017,56,3,74051281,"New York, NY, USA",56372,2343,1725,476,False,17904,-2.5
Sun Oct 22 02:14:57 +0000 2017,5,0,74051281,"New York, NY, USA",56372,2343,1725,476,False,17904,-2.5
Sat Oct 21 04:30:06 +0000 2017,0,19,74051281,"New York, NY, USA",56372,2343,1725,476,False,17904,-2.5
Sat Apr 08 06:57:32 +0000 2017,2,0,609649928,Montana,389,315,0,1086,False,3526,-2.5
Sat Mar 18 03:20:52 +0000 2017,1,0,609649928,Montana,389,315,0,1086,False,3526,-2.5
Sun Mar 12 07:09:40 +0000 2017,0,0,609649928,Montana,389,315,0,1086,False,3526,-2.5
Mon Feb 06 03:30:01 +0000 2017,0,0,609649928,Montana,389,315,0,1086,False,3526,-2.5
Mon Feb 06 03:24:30 +0000 2017,0,0,609649928,Montana,389,315,0,1086,False,3526,-2.5
Mon Feb 06 01:28:15 +0000 2017,0,0,609649928,Montana,389,315,0,1086,False,3526,-2.5
Sat Jan 21 13:27:43 +0000 2017,0,37468,609649928,Montana,389,315,0,1086,False,3526,-2.5
Fri Jan 13 07:04:13 +0000 2017,0,0,609649928,Montana,389,315,0,1086,False,3526,-2.5
Thu Jan 12 08:30:58 +0000 2017,0,0,609649928,Montana,389,315,0,1086,False,3526,-2.5
Fri Jan 06 00:01:10 +0000 2017,0,0,609649928,Montana,389,315,0,1086,False,3526,-2.5
Wed Dec 28 03:32:51 +0000 2016,0,0,609649928,Montana,389,315,0,1086,False,3526,-2.5
Thu Aug 28 14:03:43 +0000 2014,0,0,2555236508,"Seattle, WA",28,219,0,7,False,65,-2.5
Fri Oct 13 09:59:37 +0000 2017,16,11,86640232,"New York, NY",130291,61,4321,67,False,4555,-2.5
Mon Jul 17 17:14:37 +0000 2017,6,2,316872894,"New Haven, CT",470,381,11,733,False,308,-2.5
Mon Sep 15 03:18:00 +0000 2014,0,4,21057743,"Denver, Colorado",50718,46360,801,8,False,4632,-2.5
Sun Sep 24 13:49:21 +0000 2017,81,30,297067961,"Washington, DC",49112,1424,1809,407,True,6142,-2.5
Fri Oct 06 18:26:32 +0000 2017,0,386010,87215923,"Cambridge, MA",3315,765,229,676,True,9913,-2.5
Thu Aug 31 14:48:30 +0000 2017,0,87,87215923,"Cambridge, MA",3315,765,229,676,True,9913,-2.5
Sun Jul 23 17:49:44 +0000 2017,1,0,87215923,"Cambridge, MA",3315,765,229,676,True,9913,-2.5
Wed Nov 01 21:41:00 +0000 2017,0,213,1759181,"Austin, TX",22296,8631,889,79227,False,164816,-2.5
Mon Oct 09 19:22:04 +0000 2017,10,0,2675185974,"Grand Rapids, MI",262,201,0,6581,False,1689,-2.5
Tue Sep 26 13:24:34 +0000 2017,0,5374,2675185974,"Grand Rapids, MI",262,201,0,6581,False,1689,-2.5
Tue Oct 10 22:00:29 +0000 2017,123,57,146252766,"Washington, D.C.",21466,1009,692,4084,True,15422,-2.5
Thu Aug 02 04:20:38 +0000 2012,0,0,29941223,"Herriman, UT",1730,1054,103,10,False,2829,-2.5
Sat Jun 23 02:19:37 +0000 2012,0,1,29941223,"Herriman, UT",1730,1054,103,10,False,2829,-2.5
Fri Mar 04 16:51:18 +0000 2011,0,0,15169467,"Austin, TX",2223,2256,178,6,False,1837,-2.5
Sat Apr 29 02:46:57 +0000 2017,0,6,428639957,"Los Angeles, CA",14889,10136,28,634,False,1992,-2.5
Mon Jun 05 11:10:21 +0000 2017,0,1,3167846185,"Darby, MT",445,176,12,518,False,180,-2.5
Fri Oct 06 06:13:23 +0000 2017,0,564,19224439,New York,438246,440,10829,8,True,12717,-2.5
Sat Oct 15 00:34:39 +0000 2016,0,0,739272169130237952,"Ludington, MI",774,943,3,1649,False,254,-2.5
Thu Nov 02 19:28:12 +0000 2017,272,145,1383272101,"Edina, MN and Washington, DC",165321,522,2258,14110,True,15421,-2.5
Sat Oct 14 17:55:30 +0000 2017,25,12,156016878,"Washington, DC",69358,1299,2259,4671,True,16779,-2.5
Sat Dec 17 06:39:05 +0000 2016,0,24703,3669467715,"Michigan, USA",68,107,0,177,False,135,-2.5
Tue Sep 13 08:18:35 +0000 2016,0,4457,3669467715,"Michigan, USA",68,107,0,177,False,135,-2.5
Wed Dec 30 18:08:14 +0000 2015,0,1,3669467715,"Michigan, USA",68,107,0,177,False,135,-2.5
Mon Sep 04 13:00:25 +0000 2017,0,92234,19721585,"Washington, DC",1871,1672,94,3770,True,16152,-2.5
Wed Sep 25 19:52:42 +0000 2013,233,106,33514869,"New York, NY ",1704406,22,9925,5,True,545,-2.5
Fri Sep 14 15:59:20 +0000 2012,4,9,33514869,"New York, NY ",1704406,22,9925,5,True,545,-2.5
Mon Oct 16 22:58:01 +0000 2017,4,1,21768766,"Washington, DC",58960,920,1767,210,True,16863,-2.5
Thu Dec 29 00:20:45 +0000 2011,0,0,26682014,New York New York,499,293,5,1,False,3810,-2.5
Thu Oct 27 06:25:18 +0000 2011,0,0,26682014,New York New York,499,293,5,1,False,3810,-2.5
Thu Oct 27 05:32:05 +0000 2011,0,0,26682014,New York New York,499,293,5,1,False,3810,-2.5
Mon Oct 10 03:47:05 +0000 2011,0,0,26682014,New York New York,499,293,5,1,False,3810,-2.5
Wed Nov 01 21:27:02 +0000 2017,0,213,807095,New York City,40010665,885,192507,15740,True,297608,-2.5
Mon Oct 09 05:25:20 +0000 2017,0,3370,318154870,"Maryland, USA",521,516,1,5396,False,19672,-2.5
Fri Jan 27 17:23:09 +0000 2012,0,0,26069698,"Pasadena, TX",54,41,0,1,False,249,-2.5
Fri Jan 06 18:23:41 +0000 2012,0,0,26069698,"Pasadena, TX",54,41,0,1,False,249,-2.5
Fri Oct 06 14:18:32 +0000 2017,1,0,312898300,"New York, NY",2350,1567,199,4630,False,7414,-2.5
Tue Aug 22 19:28:14 +0000 2017,61,2,312898300,"New York, NY",2350,1567,199,4630,False,7414,-2.5
Sun Oct 29 12:23:00 +0000 2017,8,2,242944499,"Washington, D.C.",13043,2198,799,3045,True,31496,-2.5
Sun Oct 22 03:24:51 +0000 2017,13,3,242944499,"Washington, D.C.",13043,2198,799,3045,True,31496,-2.5
Wed Oct 18 17:43:55 +0000 2017,0,0,242944499,"Washington, D.C.",13043,2198,799,3045,True,31496,-2.5
Sun Sep 24 12:54:52 +0000 2017,1160,373,426044697,"New York, NY",480316,407,1307,26016,True,6023,-2.5
Wed Jul 12 12:07:28 +0000 2017,159,120,426044697,"New York, NY",480316,407,1307,26016,True,6023,-2.5
Mon Jul 24 17:57:09 +0000 2017,0,14192,1893877897,"Chapel Hill, NC",2344,362,61,1240,False,1440,-2.5
Fri Nov 18 18:18:25 +0000 2016,73,27,1893877897,"Chapel Hill, NC",2344,362,61,1240,False,1440,-2.5
Fri May 13 18:06:31 +0000 2016,0,2,730750905121964033,"Tallulah, LA",164,419,0,34,False,32,-2.5
Wed Nov 01 19:11:59 +0000 2017,47,15,407261533,"Malibu, CA",1911234,114773,3383,14463,False,34278,-2.5
Sun Oct 29 18:52:01 +0000 2017,532,76,407261533,"Malibu, CA",1911234,114773,3383,14463,False,34278,-2.5
Thu Oct 26 22:33:00 +0000 2017,2003,587,407261533,"Malibu, CA",1911234,114773,3383,14463,False,34278,-2.5
Tue Oct 24 22:47:04 +0000 2017,2772,500,407261533,"Malibu, CA",1911234,114773,3383,14463,False,34278,-2.5
Tue Oct 24 02:47:15 +0000 2017,3602,713,407261533,"Malibu, CA",1911234,114773,3383,14463,False,34278,-2.5
Mon Oct 23 19:33:07 +0000 2017,1797,602,407261533,"Malibu, CA",1911234,114773,3383,14463,False,34278,-2.5
Fri Oct 13 04:45:23 +0000 2017,2,0,23783962,"Washington, DC",3390,992,165,357,False,5113,-2.5
Wed Sep 27 01:59:07 +0000 2017,0,6475,23783962,"Washington, DC",3390,992,165,357,False,5113,-2.5
Wed Nov 01 01:03:49 +0000 2017,0,66,79366215,NYC,105740,1527,2001,2599,True,6142,-2.5
Wed May 03 19:57:20 +0000 2017,3,0,597581087,Maryland,203,242,0,1160,False,3171,-2.5
Tue Feb 07 18:24:42 +0000 2017,0,0,597581087,Maryland,203,242,0,1160,False,3171,-2.5
Tue Jan 31 09:22:28 +0000 2017,1,0,597581087,Maryland,203,242,0,1160,False,3171,-2.5
Sat Jan 21 05:30:30 +0000 2017,1,0,597581087,Maryland,203,242,0,1160,False,3171,-2.5
Fri Jan 20 23:26:59 +0000 2017,0,1,597581087,Maryland,203,242,0,1160,False,3171,-2.5
Tue Jan 17 21:37:13 +0000 2017,0,0,597581087,Maryland,203,242,0,1160,False,3171,-2.5
Tue Dec 27 03:04:13 +0000 2016,1,0,597581087,Maryland,203,242,0,1160,False,3171,-2.5
Sun Dec 25 22:24:42 +0000 2016,0,0,597581087,Maryland,203,242,0,1160,False,3171,-2.5
Fri Dec 16 16:42:43 +0000 2016,0,0,597581087,Maryland,203,242,0,1160,False,3171,-2.5
Mon Dec 05 15:20:33 +0000 2016,0,0,597581087,Maryland,203,242,0,1160,False,3171,-2.5
Thu Nov 24 16:25:47 +0000 2016,1,0,597581087,Maryland,203,242,0,1160,False,3171,-2.5
Thu Sep 21 09:49:01 +0000 2017,8,6,341118458,"Washington, D.C.",23175,597,527,164,False,815,-2.5
Fri Sep 29 22:17:51 +0000 2017,0,438,959536537,"Manistee, MI",377,294,0,3418,False,5076,-2.5
Sat Sep 16 05:18:45 +0000 2017,0,6,959536537,"Manistee, MI",377,294,0,3418,False,5076,-2.5
Wed Aug 02 04:33:52 +0000 2017,0,5,959536537,"Manistee, MI",377,294,0,3418,False,5076,-2.5
Wed Jul 12 21:02:30 +0000 2017,2,0,959536537,"Manistee, MI",377,294,0,3418,False,5076,-2.5
Tue Jul 11 12:14:23 +0000 2017,1,0,959536537,"Manistee, MI",377,294,0,3418,False,5076,-2.5
Tue Jul 04 00:53:38 +0000 2017,0,0,883678904,"Clarksville, TN",859,758,11,7019,False,4013,-2.5
Sun Apr 23 05:36:20 +0000 2017,0,0,883678904,"Clarksville, TN",859,758,11,7019,False,4013,-2.5
Sat Jan 21 03:46:00 +0000 2017,0,0,883678904,"Clarksville, TN",859,758,11,7019,False,4013,-2.5
Thu Sep 14 22:33:35 +0000 2017,223,178,237637694,"California, USA",33017,559,742,449,False,815,-2.5
Fri Sep 08 16:36:55 +0000 2017,360,297,237637694,"California, USA",33017,559,742,449,False,815,-2.5
Fri Sep 19 14:05:12 +0000 2014,0,0,148450829,"Washington, DC",753,308,90,4,False,1369,-2.5
Sat Oct 31 16:43:15 +0000 2015,0,0,470548023,New York City,223,203,0,708,False,1465,-2.5
Sat Oct 14 17:33:42 +0000 2017,0,0,12237732,Michigan,2289,3058,98,1703,False,8958,-2.5
Tue Oct 03 16:11:08 +0000 2017,0,3443,135173872,New York,19177,3000,742,1864,True,7582,-2.5
Mon Oct 09 17:38:41 +0000 2017,163,62,48797538,"Washington, DC",20197,321,703,6,False,8537,-2.5
Wed Oct 04 16:04:51 +0000 2017,0,56,48797538,"Washington, DC",20197,321,703,6,False,8537,-2.5
Tue Oct 31 20:46:15 +0000 2017,4,0,11771512,"Washington, DC",46508,2399,1928,16119,True,97896,-2.5
Wed Nov 01 20:29:02 +0000 2017,0,2,210646332,Instagram: @DAVETHEMAC ,201507,80458,446,3191,True,21124,-2.5
Wed Nov 01 20:26:51 +0000 2017,8,2,210646332,Instagram: @DAVETHEMAC ,201507,80458,446,3191,True,21124,-2.5
Thu Oct 05 15:15:55 +0000 2017,0,435,757893380,"Washington, DC * Missing NYC",30559,1488,923,742,True,14830,-2.5
Fri Oct 20 19:37:17 +0000 2017,0,19,65827383,"Washington, DC",1408,672,108,3595,False,4262,-2.5
Tue Oct 31 23:25:13 +0000 2017,0,25,480566008,"New York, NY",5750,470,31,10299,False,13678,-2.5
Fri Sep 01 16:54:33 +0000 2017,0,2,480566008,"New York, NY",5750,470,31,10299,False,13678,-2.5
Sat Aug 19 23:40:55 +0000 2017,0,2744,480566008,"New York, NY",5750,470,31,10299,False,13678,-2.5
Tue Aug 15 23:48:00 +0000 2017,15,3,480566008,"New York, NY",5750,470,31,10299,False,13678,-2.5
Sun Sep 24 17:01:27 +0000 2017,0,58077,42962419,"San Francisco, CA",1081,1439,61,1422,False,4927,-2.5
Sun Aug 13 20:29:38 +0000 2017,0,2,42962419,"San Francisco, CA",1081,1439,61,1422,False,4927,-2.5
Mon Aug 21 22:28:03 +0000 2017,0,1,161289863,"Utica, NY",75416,2,272,1845,False,840,-2.5
Fri Aug 11 15:58:52 +0000 2017,0,4,203805421,"Seattle, WA",720,389,41,311,False,2184,-2.5
Wed Oct 11 02:57:31 +0000 2017,3,0,862123303934230528,"Ludington, MI",96,164,0,41,False,78,-2.5
Mon Jan 16 22:08:51 +0000 2017,15638,7200,30313925,"Washington, DC",13957458,232,65974,0,True,28392,-2.5
Thu Aug 31 20:35:51 +0000 2017,0,67798,3436099101,"Ludington, MI",318,294,0,3124,False,612,-2.5
Thu Apr 20 10:15:04 +0000 2017,0,9944,3436099101,"Ludington, MI",318,294,0,3124,False,612,-2.5
Sun Feb 26 20:43:07 +0000 2017,45,10,3436099101,"Ludington, MI",318,294,0,3124,False,612,-2.5
Fri Oct 27 12:26:54 +0000 2017,0,38,3161619087,"Kentucky, USA",145,529,0,1472,False,780,-2.5
Tue Apr 11 15:45:54 +0000 2017,1,0,36106011,New York,2601,387,126,511,False,450,-2.5
Thu Nov 02 06:51:03 +0000 2017,0,42,11744152,"New York, NY",187709,17710,2889,28767,True,63837,-2.5
Thu Nov 02 05:31:51 +0000 2017,0,0,11744152,"New York, NY",187709,17710,2889,28767,True,63837,-2.5
Wed Nov 01 15:20:53 +0000 2017,574,466,11744152,"New York, NY",187709,17710,2889,28767,True,63837,-2.5
Tue Oct 24 04:13:21 +0000 2017,0,1,37868827,"NIGGA, NEW YORK",329444,1009,3362,5062,True,61367,-2.5
Wed Nov 01 03:18:32 +0000 2017,773,60,27628334,"Los Angeles, CA",61181,1443,1380,67938,True,9767,-2.5
Fri Oct 13 00:55:55 +0000 2017,321,22,27628334,"Los Angeles, CA",61181,1443,1380,67938,True,9767,-2.5
Fri Oct 13 00:50:16 +0000 2017,33,0,27628334,"Los Angeles, CA",61181,1443,1380,67938,True,9767,-2.5
Sun Oct 08 03:16:37 +0000 2017,192,30,27628334,"Los Angeles, CA",61181,1443,1380,67938,True,9767,-2.5
Sat Oct 07 21:54:25 +0000 2017,148,14,27628334,"Los Angeles, CA",61181,1443,1380,67938,True,9767,-2.5
Tue Oct 03 19:24:44 +0000 2017,8257,2524,27628334,"Los Angeles, CA",61181,1443,1380,67938,True,9767,-2.5
Tue Dec 24 19:40:15 +0000 2013,0,0,15526259,"Ann Arbor, MI",288,421,8,334,False,3784,-2.5
Tue Feb 12 02:43:38 +0000 2013,0,0,15526259,"Ann Arbor, MI",288,421,8,334,False,3784,-2.5
Wed Nov 12 20:44:16 +0000 2014,3482,2212,1000262514,"New York, NY",851023,0,6015,157,False,512,-2.5
Sun Mar 16 19:57:35 +0000 2014,2335,1901,1000262514,"New York, NY",851023,0,6015,157,False,512,-2.5
Thu Sep 05 23:11:48 +0000 2013,422,452,1000262514,"New York, NY",851023,0,6015,157,False,512,-2.5
Wed Mar 20 17:23:49 +0000 2013,303,385,1000262514,"New York, NY",851023,0,6015,157,False,512,-2.5
Wed Oct 25 13:07:53 +0000 2017,6,5,167024520,"Capitol Hill, Washington, D.C.",33243,1635,918,343,True,7433,-2.5
Tue Sep 26 13:46:30 +0000 2017,1157,387,148529707,"Berkeley, CA",516170,193,9880,48,True,7070,-2.5
Tue Oct 31 15:43:21 +0000 2017,571,539,2216041938,"New York, NY",55172,541,1658,2410,True,16857,-2.5
Mon Oct 02 17:27:08 +0000 2017,0,752,56052405,"Tyler, TX",10275,1786,506,9972,True,14409,-2.5
Thu Oct 12 20:37:54 +0000 2017,0,2138,18037154,"San Francisco, CA",5820,766,537,1414,True,4225,-2.5
Wed Jun 15 00:20:37 +0000 2016,0,7682,2584355636,"Easton, MD",370,238,1,1158,False,248,-2.5
Sun Oct 22 02:13:29 +0000 2017,90,12,249758564,New York,24761,1505,1011,3545,True,17095,-2.5
Fri Oct 06 22:11:47 +0000 2017,0,2,166549002,"Oakland, CA",5114,3133,396,2731,True,13751,-2.5
Wed Nov 01 04:30:24 +0000 2017,7,0,4770206056,"Michigan, USA",258,165,0,6246,False,3511,-2.5
Wed Nov 01 04:03:35 +0000 2017,3,0,4770206056,"Michigan, USA",258,165,0,6246,False,3511,-2.5
Wed Oct 25 04:43:53 +0000 2017,0,500,4770206056,"Michigan, USA",258,165,0,6246,False,3511,-2.5
Sun Oct 22 04:26:54 +0000 2017,15,0,4770206056,"Michigan, USA",258,165,0,6246,False,3511,-2.5
Sun Oct 08 22:55:02 +0000 2017,2,1,4770206056,"Michigan, USA",258,165,0,6246,False,3511,-2.5
Sat Sep 23 02:20:46 +0000 2017,0,1,4770206056,"Michigan, USA",258,165,0,6246,False,3511,-2.5
Thu Oct 12 20:23:05 +0000 2017,0,0,45643296,"Los Angeles, CA",20406,340,889,2848,True,29989,-2.5
Thu Oct 05 21:42:06 +0000 2017,0,9801,437625094,"Washington, DC",9795,2331,306,1158,True,9588,-2.5
Wed Sep 27 23:30:34 +0000 2017,0,47,232533219,NY,5996,1029,141,17916,True,4497,-2.5
Wed Sep 20 18:24:59 +0000 2017,1,0,232533219,NY,5996,1029,141,17916,True,4497,-2.5
Wed Jun 21 16:33:22 +0000 2017,0,794,877416282412515328,"Illinois, USA",52,441,0,2266,False,79,-2.5
Fri Jul 11 04:24:46 +0000 2014,0,0,35234909,"Cambridge, MA",321,188,21,85,False,172,-2.5
Thu Jul 09 00:54:08 +0000 2009,0,0,35234909,"Cambridge, MA",321,188,21,85,False,172,-2.5
Fri Jun 24 02:40:38 +0000 2016,5,0,245515069,"Ann Arbor, MI",2237,692,30,70,False,978,-2.5
Thu Nov 02 19:39:36 +0000 2017,116,59,11866582,"Ann Arbor, Michigan",353985,9260,7079,44121,False,207366,-2.5
Thu Nov 02 17:38:39 +0000 2017,0,51,11866582,"Ann Arbor, Michigan",353985,9260,7079,44121,False,207366,-2.5
Fri Oct 27 16:55:17 +0000 2017,0,9,6742522,"San Francisco, CA",21744,14073,1241,3381,True,69137,-2.5
Tue Oct 04 15:31:54 +0000 2016,0,0,43393110,"New York, NY",9369,4,374,0,False,5062,-2.5
Wed Oct 04 01:09:41 +0000 2017,0,3214,809503957,Ludington MI,370,288,0,5616,False,1689,-2.5
Wed Sep 27 22:22:49 +0000 2017,7,0,890061872,"Grand Rapids, MI",1176,721,1,15206,False,18802,-2.5
Sat Sep 09 01:43:56 +0000 2017,0,24,890061872,"Grand Rapids, MI",1176,721,1,15206,False,18802,-2.5
Mon Aug 14 02:47:07 +0000 2017,21,1,890061872,"Grand Rapids, MI",1176,721,1,15206,False,18802,-2.5
Fri Oct 20 12:05:18 +0000 2017,0,25352,122226401,"Washington, DC ",104434,1007,1515,29720,True,33397,-2.5
Thu Sep 21 23:38:50 +0000 2017,9,1,22195472,New York,4621,1258,151,827,False,3163,-2.5
Thu Oct 26 19:18:10 +0000 2017,233,31,131351549,"New York, NY",452507,596,7030,1094,True,5464,-2.5
Mon Oct 23 19:57:33 +0000 2017,59,9,131351549,"New York, NY",452507,596,7030,1094,True,5464,-2.5
Sat Jun 03 09:14:59 +0000 2017,3582,1163,131351549,"New York, NY",452507,596,7030,1094,True,5464,-2.5
Thu Nov 02 14:00:05 +0000 2017,443,195,27368199,"Silver Spring, MD",1769462,672,5208,91,True,26414,-2.5
Sat Oct 28 17:00:07 +0000 2017,403,100,27368199,"Silver Spring, MD",1769462,672,5208,91,True,26414,-2.5
Sun Aug 13 18:16:08 +0000 2017,0,30331,3932033355,"Georgia, USA",518,2412,2,1875,False,406,-2.5
Thu Jul 23 13:55:00 +0000 2015,0,12,114085676,Florida,1268,1775,47,870,False,4493,-2.5
Tue Oct 31 21:58:23 +0000 2017,0,524,72653278," Kennesaw, GA",1184,2298,35,3272,False,11526,-2.5
Thu Oct 05 13:07:19 +0000 2017,0,0,72653278," Kennesaw, GA",1184,2298,35,3272,False,11526,-2.5
Thu Nov 02 07:11:26 +0000 2017,1,0,15829680,"Chicago, NYC, SF",3705,1488,337,4983,False,101710,-2.5
Sat Oct 28 20:36:26 +0000 2017,1,0,15829680,"Chicago, NYC, SF",3705,1488,337,4983,False,101710,-2.5
Thu Oct 26 00:17:25 +0000 2017,2,0,15829680,"Chicago, NYC, SF",3705,1488,337,4983,False,101710,-2.5
Wed Oct 25 01:17:48 +0000 2017,0,1,15829680,"Chicago, NYC, SF",3705,1488,337,4983,False,101710,-2.5
Mon Oct 23 17:37:24 +0000 2017,0,1393,15829680,"Chicago, NYC, SF",3705,1488,337,4983,False,101710,-2.5
Sun Oct 22 20:37:46 +0000 2017,0,383,15829680,"Chicago, NYC, SF",3705,1488,337,4983,False,101710,-2.5
Wed May 17 19:38:08 +0000 2017,15,6,47348884,"Washington, D.C. ",39968,860,1406,4,True,1601,-2.5
Tue Oct 31 22:15:01 +0000 2017,2,0,18061792,"New York, NY",158671,1662,1686,7654,True,106380,-2.5
Wed Aug 23 23:16:38 +0000 2017,0,14,1055055907,"Seattle, WA",773,1462,39,242,False,1917,-2.5
Tue Sep 05 22:28:34 +0000 2017,0,0,607652015,"Ludington, MI",820,754,0,14992,False,2662,-2.5
Sat Sep 02 03:44:00 +0000 2017,0,2547,607652015,"Ludington, MI",820,754,0,14992,False,2662,-2.5
Mon Aug 14 21:22:46 +0000 2017,2,0,607652015,"Ludington, MI",820,754,0,14992,False,2662,-2.5
Tue Aug 08 06:49:06 +0000 2017,0,2,607652015,"Ludington, MI",820,754,0,14992,False,2662,-2.5
Sat Aug 05 15:37:35 +0000 2017,0,0,607652015,"Ludington, MI",820,754,0,14992,False,2662,-2.5
Fri Jun 16 20:21:01 +0000 2017,0,1868,607652015,"Ludington, MI",820,754,0,14992,False,2662,-2.5
Mon Jun 12 01:50:18 +0000 2017,32,7,607652015,"Ludington, MI",820,754,0,14992,False,2662,-2.5
Fri Aug 25 13:43:41 +0000 2017,0,0,25153138,"Arizona, USA",3681,4175,70,638,False,14741,-2.5
Wed Aug 16 18:48:20 +0000 2017,0,419,15830817,"Spokane, WA",805,642,62,831,False,11030,-2.5
Wed Jun 14 00:11:51 +0000 2017,0,4924,868944560,"East Lansing, MI",373,218,1,3603,False,2406,-2.5
Mon Oct 10 14:34:28 +0000 2016,0,77259,868944560,"East Lansing, MI",373,218,1,3603,False,2406,-2.5
Wed Nov 01 15:24:21 +0000 2017,0,0,19081403,"Northfield, MSP, MN, US, Earth",17492,7256,782,1,False,7290,-2.5
Mon Oct 02 14:52:21 +0000 2017,0,127724,42267429,New York City,61579,1443,888,3682,True,2175,-2.5
Mon Aug 21 13:57:37 +0000 2017,0,0,14148390,Greenpoint NYC,3806,405,240,6381,False,2037,-2.5
Wed Jul 26 16:20:03 +0000 2017,6,0,14148390,Greenpoint NYC,3806,405,240,6381,False,2037,-2.5
Fri Jul 14 15:05:41 +0000 2017,2,0,14148390,Greenpoint NYC,3806,405,240,6381,False,2037,-2.5
Sat Apr 29 17:18:58 +0000 2017,6,0,14148390,Greenpoint NYC,3806,405,240,6381,False,2037,-2.5
Sat Apr 12 16:02:33 +0000 2014,0,63,621213380,"Venice, CA",1247,309,56,94,False,309,-2.5
Tue Oct 25 13:35:55 +0000 2016,0,0,252705519,"Northern Virginia, USA",805,1840,29,6,False,7519,-2.5
Sat Sep 02 08:39:53 +0000 2017,14,2,539740404,"California, USA",1572,360,5,5507,False,3868,-2.5
Sat Aug 26 07:02:10 +0000 2017,0,2,539740404,"California, USA",1572,360,5,5507,False,3868,-2.5
Mon Feb 06 00:13:55 +0000 2017,44,16,61585965,"Washington, D.C.",5224,2901,156,1198,False,7204,-2.5
Sun Sep 06 20:21:00 +0000 2015,6,2,177818504,"Los Angeles, CA ",53107,3042,319,3233,True,8195,-2.5
Sun Nov 08 13:31:52 +0000 2015,1,0,521409046,"Lake Geneva, WI",1870,576,14,184,False,3985,-2.5
Fri Oct 20 15:51:56 +0000 2017,0,0,1535376157,"Dallas, TX",794,1241,44,4660,False,1181,-2.5
Fri Oct 20 15:50:03 +0000 2017,2,0,1535376157,"Dallas, TX",794,1241,44,4660,False,1181,-2.5
Wed Aug 09 19:05:06 +0000 2017,3,0,1535376157,"Dallas, TX",794,1241,44,4660,False,1181,-2.5
Tue Feb 14 18:14:11 +0000 2017,0,1,278093318,"New York, NY",96822,1580,1569,14637,True,63016,-2.5
Sun Oct 22 18:35:48 +0000 2017,0,54,152375635,"New Orleans, LA",2645,966,7,23363,False,37048,-2.5
Fri Oct 20 17:44:02 +0000 2017,0,29771,152375635,"New Orleans, LA",2645,966,7,23363,False,37048,-2.5
Mon Oct 16 17:03:07 +0000 2017,0,3528,152375635,"New Orleans, LA",2645,966,7,23363,False,37048,-2.5
Mon May 23 00:35:05 +0000 2016,1,0,771648,"Franklin, TN",13415,2553,1192,2119,False,25463,-2.5
Sun Aug 13 02:28:24 +0000 2017,0,38,18903194,"Washington, DC",2701,2044,87,1614,False,5891,-2.5
Sat Aug 12 17:20:19 +0000 2017,0,59077,18903194,"Washington, DC",2701,2044,87,1614,False,5891,-2.5
Mon Oct 23 16:43:32 +0000 2017,0,4318,16371887,"Washington, DC",18195,1279,882,51626,True,20881,-2.5
Mon Oct 16 18:49:30 +0000 2017,1,0,522690487,C.A.lifornia (LA||IE||LB||SD),85,242,1,304,False,3164,-2.5
Wed Oct 11 00:40:28 +0000 2017,1,0,522690487,C.A.lifornia (LA||IE||LB||SD),85,242,1,304,False,3164,-2.5
Wed Aug 16 04:03:29 +0000 2017,0,5463,522690487,C.A.lifornia (LA||IE||LB||SD),85,242,1,304,False,3164,-2.5
Fri Aug 25 11:17:21 +0000 2017,0,0,15664289,Iowa and beyond,10221,1990,568,3,False,3285,-2.5
Sat Oct 21 21:41:44 +0000 2017,122,33,124490608,"Washington DC, P.R., Bogota",41748,1036,641,357,True,30816,-2.5
Wed Oct 18 14:38:19 +0000 2017,39,11,124490608,"Washington DC, P.R., Bogota",41748,1036,641,357,True,30816,-2.5
Thu Oct 26 23:33:00 +0000 2017,204,138,52521572,"Miami Beach, FL",35607,521,1281,1539,True,18736,-2.5
Fri Oct 20 19:26:05 +0000 2017,0,8,52521572,"Miami Beach, FL",35607,521,1281,1539,True,18736,-2.5
Tue Oct 03 13:08:12 +0000 2017,106,98,52521572,"Miami Beach, FL",35607,521,1281,1539,True,18736,-2.5
Wed Sep 27 15:40:42 +0000 2017,16,2,52521572,"Miami Beach, FL",35607,521,1281,1539,True,18736,-2.5
Wed Nov 01 18:17:57 +0000 2017,11,6,257959346,"Washington, DC",24264,2031,513,1891,True,14312,-2.5
Tue Oct 31 15:34:11 +0000 2017,6,5,257959346,"Washington, DC",24264,2031,513,1891,True,14312,-2.5
Mon Oct 30 20:30:34 +0000 2017,8,4,257959346,"Washington, DC",24264,2031,513,1891,True,14312,-2.5
Mon Oct 30 17:30:33 +0000 2017,6,7,257959346,"Washington, DC",24264,2031,513,1891,True,14312,-2.5
Mon Oct 30 16:45:18 +0000 2017,7,8,257959346,"Washington, DC",24264,2031,513,1891,True,14312,-2.5
Sun Oct 29 13:50:08 +0000 2017,8,4,257959346,"Washington, DC",24264,2031,513,1891,True,14312,-2.5
Sat Oct 28 14:01:19 +0000 2017,30,26,257959346,"Washington, DC",24264,2031,513,1891,True,14312,-2.5
Sat Oct 28 13:16:22 +0000 2017,0,0,257959346,"Washington, DC",24264,2031,513,1891,True,14312,-2.5
Tue Oct 24 21:05:45 +0000 2017,5,3,257959346,"Washington, DC",24264,2031,513,1891,True,14312,-2.5
Sat Jan 09 19:30:20 +0000 2016,1,0,2905958627,"Los Angeles, CA",7699,10337,31,15,False,2335,-2.5
Sun Sep 24 23:18:45 +0000 2017,3,2,15607662,"Oakland, CA",2299,1040,109,2376,False,2228,-2.5
Wed Aug 16 23:38:23 +0000 2017,0,1,15607662,"Oakland, CA",2299,1040,109,2376,False,2228,-2.5
Mon Mar 06 21:25:14 +0000 2017,0,94,17884891,"Boston, MA",698,325,31,1807,False,419,-2.5
Tue Dec 30 17:31:42 +0000 2014,10,7,17884891,"Boston, MA",698,325,31,1807,False,419,-2.5
Fri Sep 01 15:36:27 +0000 2017,0,201,213722368,NYC,26877,2558,1813,576,False,10786,-2.5
Fri Jul 14 18:49:05 +0000 2017,0,305,213722368,NYC,26877,2558,1813,576,False,10786,-2.5
Mon Sep 18 01:49:37 +0000 2017,1448,321,16874875,"Austin, Texas",178774,449,1295,1799,True,15983,-2.5
Mon Oct 16 02:08:44 +0000 2017,0,1110,764115839385608192,"Custer, MI",328,498,0,6133,False,889,-2.5
Fri Oct 13 10:28:36 +0000 2017,0,3554,764115839385608192,"Custer, MI",328,498,0,6133,False,889,-2.5
Sat Oct 07 21:27:26 +0000 2017,0,5,764115839385608192,"Custer, MI",328,498,0,6133,False,889,-2.5
Fri Aug 25 14:00:14 +0000 2017,2,0,764115839385608192,"Custer, MI",328,498,0,6133,False,889,-2.5
Fri Aug 18 21:07:58 +0000 2017,4,1,764115839385608192,"Custer, MI",328,498,0,6133,False,889,-2.5
Fri Sep 29 17:18:10 +0000 2017,0,34,216695058,"Miami, FL",16768,8662,292,8016,True,9438,-2.5
Wed Sep 27 16:27:24 +0000 2017,0,48,216695058,"Miami, FL",16768,8662,292,8016,True,9438,-2.5
Mon Jul 31 10:43:25 +0000 2017,0,0,1566007854,"Cincinnati, OH",2894,1003,75,639,False,2526,-2.5
Mon Oct 23 02:11:22 +0000 2017,0,142,13148382,"NYC, Sometimes.",11351,3881,887,9332,True,99847,-2.5
Tue Sep 26 22:47:53 +0000 2017,0,245,605828823,"Winston-Salem, NC ",155864,138172,139,1343,False,21977,-2.5
Tue Sep 26 04:19:51 +0000 2017,163,245,605828823,"Winston-Salem, NC ",155864,138172,139,1343,False,21977,-2.5
Fri Aug 25 04:23:24 +0000 2017,117,139,605828823,"Winston-Salem, NC ",155864,138172,139,1343,False,21977,-2.5
Wed Aug 16 00:47:47 +0000 2017,0,421,605828823,"Winston-Salem, NC ",155864,138172,139,1343,False,21977,-2.5
Tue Aug 15 04:17:35 +0000 2017,334,421,605828823,"Winston-Salem, NC ",155864,138172,139,1343,False,21977,-2.5
Mon Jul 17 04:54:37 +0000 2017,114,155,605828823,"Winston-Salem, NC ",155864,138172,139,1343,False,21977,-2.5
Mon Jul 10 21:50:05 +0000 2017,0,208,605828823,"Winston-Salem, NC ",155864,138172,139,1343,False,21977,-2.5
Mon Jul 10 05:07:41 +0000 2017,126,208,605828823,"Winston-Salem, NC ",155864,138172,139,1343,False,21977,-2.5
Thu Aug 31 02:19:38 +0000 2017,0,0,968665729,"Maryland, USA",817,1333,1,9870,False,6067,-2.5
Sat Jul 08 01:18:06 +0000 2017,0,5766,968665729,"Maryland, USA",817,1333,1,9870,False,6067,-2.5
Mon Jun 26 03:44:15 +0000 2017,0,110035,968665729,"Maryland, USA",817,1333,1,9870,False,6067,-2.5
Tue Oct 24 18:07:37 +0000 2017,272,5,2344563715,"Freeport, TX",62960,469,245,7205,False,6461,-2.5
Mon Oct 23 21:17:18 +0000 2017,38,1,2344563715,"Freeport, TX",62960,469,245,7205,False,6461,-2.5
Sat Oct 21 22:13:33 +0000 2017,11,0,2344563715,"Freeport, TX",62960,469,245,7205,False,6461,-2.5
Thu Jul 27 12:43:18 +0000 2017,0,4,284178963,"Washington, DC",4261,631,103,410,False,2732,-2.5
Thu Jul 27 12:43:02 +0000 2017,0,5,284178963,"Washington, DC",4261,631,103,410,False,2732,-2.5
Mon Jul 24 16:18:25 +0000 2017,0,4,284178963,"Washington, DC",4261,631,103,410,False,2732,-2.5
Mon Jul 24 13:32:03 +0000 2017,0,4,284178963,"Washington, DC",4261,631,103,410,False,2732,-2.5
Mon Jul 24 13:31:32 +0000 2017,0,8,284178963,"Washington, DC",4261,631,103,410,False,2732,-2.5
Thu Jul 20 14:04:16 +0000 2017,0,5,284178963,"Washington, DC",4261,631,103,410,False,2732,-2.5
Tue Oct 31 18:45:25 +0000 2017,2,0,6825792,"Atlanta, GA",98142,4398,2229,35289,True,68290,-2.5
Tue Oct 24 20:54:42 +0000 2017,1,0,18297948," Washington, D.C.",7445,937,442,441,True,17876,-2.5
Thu Nov 02 05:05:31 +0000 2017,170,56,171337448,Minnesota,1702867,509540,3176,69120,True,96727,-2.5
Thu Oct 26 20:04:06 +0000 2017,615,371,171337448,Minnesota,1702867,509540,3176,69120,True,96727,-2.5
Mon Oct 16 20:51:17 +0000 2017,1098,417,171337448,Minnesota,1702867,509540,3176,69120,True,96727,-2.5
Thu Nov 02 04:18:03 +0000 2017,20,1,21696279,"Washington, DC",84916,775,2682,7375,True,104472,-2.5
Wed Nov 01 22:06:07 +0000 2017,66,13,21696279,"Washington, DC",84916,775,2682,7375,True,104472,-2.5
Wed Nov 01 20:20:31 +0000 2017,14,0,21696279,"Washington, DC",84916,775,2682,7375,True,104472,-2.5
Wed Sep 20 03:27:42 +0000 2017,0,6390,712069153587384320,"Ludington, MI",212,173,0,1686,False,1662,-2.5
Sun Sep 10 21:05:17 +0000 2017,0,354606,712069153587384320,"Ludington, MI",212,173,0,1686,False,1662,-2.5
Sun Sep 10 04:15:48 +0000 2017,6,0,712069153587384320,"Ludington, MI",212,173,0,1686,False,1662,-2.5
Thu Sep 07 22:37:44 +0000 2017,4,1,712069153587384320,"Ludington, MI",212,173,0,1686,False,1662,-2.5
Wed Aug 30 03:38:24 +0000 2017,0,11,712069153587384320,"Ludington, MI",212,173,0,1686,False,1662,-2.5
Wed Oct 18 18:19:04 +0000 2017,0,4,55029388,"Northridge, CA (SoCal!)",7587,531,38,9877,False,2463,-2.5
Mon Oct 16 19:42:56 +0000 2017,0,0,55029388,"Northridge, CA (SoCal!)",7587,531,38,9877,False,2463,-2.5
Mon Oct 09 23:08:22 +0000 2017,0,3,55029388,"Northridge, CA (SoCal!)",7587,531,38,9877,False,2463,-2.5
