created_at,favorite_count,retweet_count,id_str,location,followers_count,friends_count,listed_count,favourites_count,verified,statuses_count,label
Wed Sep 16 12:15:52 +0000 2015,0,0,35469468,"Portland, Oregon",2078,299,200,0,False,6696,1
Mon Aug 11 13:31:17 +0000 2014,0,0,35469468,"Portland, Oregon",2078,299,200,0,False,6696,1
Sat Aug 09 13:18:04 +0000 2014,0,3,35469468,"Portland, Oregon",2078,299,200,0,False,6696,1
Mon Apr 30 19:25:11 +0000 2012,0,0,35469468,"Portland, Oregon",2078,299,200,0,False,6696,1
Tue Oct 24 19:01:26 +0000 2017,8,5,121812725,Virginia,23632,958,1104,213,True,1475,1
Fri Sep 22 15:50:20 +0000 2017,4,4,121812725,Virginia,23632,958,1104,213,True,1475,1
Fri Jun 16 18:01:24 +0000 2017,13,5,121812725,Virginia,23632,958,1104,213,True,1475,1
Thu Jun 08 21:10:04 +0000 2017,7,3,121812725,Virginia,23632,958,1104,213,True,1475,1
Wed May 17 21:30:21 +0000 2017,12,3,121812725,Virginia,23632,958,1104,213,True,1475,1
Fri Jan 20 19:15:28 +0000 2017,8,5,121812725,Virginia,23632,958,1104,213,True,1475,1
Fri Jul 14 18:46:01 +0000 2017,0,0,721279920,Charlotte NC,594,1344,21,454,False,1093,1
Mon May 08 13:10:04 +0000 2017,0,0,721279920,Charlotte NC,594,1344,21,454,False,1093,1
Tue Oct 10 17:31:03 +0000 2017,0,1,15782832,"Fairfax County, Virginia",1190,2450,44,1086,False,1885,1
Mon May 08 19:51:10 +0000 2017,0,0,15782832,"Fairfax County, Virginia",1190,2450,44,1086,False,1885,1
Tue Oct 24 18:31:32 +0000 2017,1,0,7228682,New York,77508,146,2367,26,True,45880,1
Tue Jul 18 17:47:32 +0000 2017,0,2,1433331763,Washington DC,1449,178,82,150,False,1902,1
Tue Oct 31 14:47:26 +0000 2017,1,0,2568461,"Iowa City, IA",18042,3751,938,6516,True,20985,1
Sat Oct 28 22:49:42 +0000 2017,3,0,2568461,"Iowa City, IA",18042,3751,938,6516,True,20985,1
Tue Jul 11 10:51:34 +0000 2017,0,0,83661777,South Florida,439,765,18,431,False,1434,1
Sun May 14 17:31:35 +0000 2017,0,0,83661777,South Florida,439,765,18,431,False,1434,1
Wed Oct 25 15:27:26 +0000 2017,214,84,22523087,"Nashville, Tennessee",18580,588,841,526,True,2346,1
Tue Oct 17 15:27:37 +0000 2017,1,0,182815759,"Washington, D.C.",12081,3682,477,8850,False,16108,1
Sat Sep 16 11:31:14 +0000 2017,0,26,98957204,"Hartford, CT",8516,4821,317,794,False,21527,1
Thu Nov 02 02:33:07 +0000 2017,149,14,50325797,"Washington, DC",1890892,1781,16280,130,True,47807,1
Thu Nov 02 01:48:45 +0000 2017,354,24,50325797,"Washington, DC",1890892,1781,16280,130,True,47807,1
Sun Oct 29 11:51:17 +0000 2017,154,29,50325797,"Washington, DC",1890892,1781,16280,130,True,47807,1
Fri Oct 20 22:11:24 +0000 2017,0,0,50325797,"Washington, DC",1890892,1781,16280,130,True,47807,1
Sat Oct 14 18:32:27 +0000 2017,39,4,50325797,"Washington, DC",1890892,1781,16280,130,True,47807,1
Fri Oct 13 19:07:13 +0000 2017,0,27,50325797,"Washington, DC",1890892,1781,16280,130,True,47807,1
Sun Oct 08 11:45:15 +0000 2017,85,8,50325797,"Washington, DC",1890892,1781,16280,130,True,47807,1
Fri Oct 06 20:20:54 +0000 2017,288,32,50325797,"Washington, DC",1890892,1781,16280,130,True,47807,1
Tue Apr 12 23:16:13 +0000 2016,0,0,9272612,"Carlsbad, CA",2625,2665,104,2394,False,3857,1
Tue May 17 17:14:13 +0000 2016,0,16,70422990,"Nashville, TN",198574,160,980,43,True,3091,1
Tue May 10 15:29:55 +0000 2016,0,19,70422990,"Nashville, TN",198574,160,980,43,True,3091,1
Sat Oct 28 02:46:53 +0000 2017,0,27660,2223157392,"Washington, DC",67112,1630,1403,1577,True,26578,1
Fri Oct 13 14:34:04 +0000 2017,0,0,14929834,New York,7439,1516,858,747,False,16415,1
Thu Nov 02 13:37:12 +0000 2017,666,46,121574367,"Washington, D.C.",86553,2008,659,12315,True,12513,1
Tue Oct 31 17:55:34 +0000 2017,341,32,121574367,"Washington, D.C.",86553,2008,659,12315,True,12513,1
Mon Oct 30 20:35:41 +0000 2017,415,32,121574367,"Washington, D.C.",86553,2008,659,12315,True,12513,1
Wed Oct 25 19:47:48 +0000 2017,289,31,121574367,"Washington, D.C.",86553,2008,659,12315,True,12513,1
Wed Oct 25 13:46:28 +0000 2017,647,48,121574367,"Washington, D.C.",86553,2008,659,12315,True,12513,1
Fri Oct 20 12:22:23 +0000 2017,851,47,121574367,"Washington, D.C.",86553,2008,659,12315,True,12513,1
Thu Oct 26 15:05:55 +0000 2017,21,6,211530910,Eastern/Southeastern Ohio,28622,831,846,89,True,4881,1
Thu Oct 19 17:57:29 +0000 2017,12,6,211530910,Eastern/Southeastern Ohio,28622,831,846,89,True,4881,1
Fri Oct 13 19:39:22 +0000 2017,2,1,211530910,Eastern/Southeastern Ohio,28622,831,846,89,True,4881,1
Wed Oct 11 18:20:07 +0000 2017,2,2,211530910,Eastern/Southeastern Ohio,28622,831,846,89,True,4881,1
Wed Sep 06 22:46:32 +0000 2017,3,2,211530910,Eastern/Southeastern Ohio,28622,831,846,89,True,4881,1
Wed Jul 26 17:49:14 +0000 2017,2,0,211530910,Eastern/Southeastern Ohio,28622,831,846,89,True,4881,1
Tue Jul 25 23:25:28 +0000 2017,1,1,211530910,Eastern/Southeastern Ohio,28622,831,846,89,True,4881,1
Tue Jul 18 22:42:58 +0000 2017,92,40,211530910,Eastern/Southeastern Ohio,28622,831,846,89,True,4881,1
Sat Oct 14 19:03:18 +0000 2017,970,110,14790966,"Nashville, Tennessee",4687598,37,15439,156,True,1578,1
Wed Oct 04 19:31:45 +0000 2017,14253,3800,14790966,"Nashville, Tennessee",4687598,37,15439,156,True,1578,1
Thu May 04 17:08:59 +0000 2017,1211,169,14790966,"Nashville, Tennessee",4687598,37,15439,156,True,1578,1
Fri Aug 31 02:23:28 +0000 2012,0,2,16345832,Washington DC,246,157,16,12,False,183,1
Tue Jun 01 14:04:49 +0000 2010,0,0,16345832,Washington DC,246,157,16,12,False,183,1
Thu Apr 01 17:52:45 +0000 2010,0,1,16345832,Washington DC,246,157,16,12,False,183,1
Fri May 05 14:32:06 +0000 2017,3,2,66988310,South New Jersey,520,934,32,878,False,4834,1
Mon May 01 19:17:37 +0000 2017,0,5,66988310,South New Jersey,520,934,32,878,False,4834,1
Wed Apr 19 02:01:05 +0000 2017,0,71,66988310,South New Jersey,520,934,32,878,False,4834,1
Fri Oct 20 14:38:21 +0000 2017,1,0,546135718,Washington DC,128386,262,3548,41,True,25552,1
Mon May 16 18:15:34 +0000 2011,0,0,211261049,"Portland, OR",55,255,3,46,False,142,1
Sun Oct 08 01:30:54 +0000 2017,2,1,246972341,Chicago/Washington DC,1694,1619,85,1000,True,2607,1
Sat Oct 14 06:40:21 +0000 2017,0,1,251502918,Peoria Illinois,48736,48880,58,22745,False,184364,1
Mon Aug 28 16:07:40 +0000 2017,2847,909,65186457,"Bronx, New York",7232399,323,5668,620,True,14215,1
Mon Dec 26 21:11:17 +0000 2011,0,0,437236482,"Portland, OR",464,1720,1,2,False,88,1
Thu Jan 05 23:37:14 +0000 2017,0,0,146491026,New York City,64292,51164,1585,39335,False,15831,1
Wed Apr 26 16:48:38 +0000 2017,0,0,20014221,"Mountain View, CA",1007,296,41,261,False,4654,1
Thu Jun 30 20:58:10 +0000 2016,8720,3924,1536791610,"Washington, D.C.",15297206,79,25343,3,True,352,1
Mon May 30 13:00:39 +0000 2016,38390,15795,1536791610,"Washington, D.C.",15297206,79,25343,3,True,352,1
Sun Mar 20 20:22:45 +0000 2016,62462,33208,1536791610,"Washington, D.C.",15297206,79,25343,3,True,352,1
Fri Mar 11 17:48:12 +0000 2016,5647,1936,1536791610,"Washington, D.C.",15297206,79,25343,3,True,352,1
Wed Mar 02 18:01:28 +0000 2016,40920,11529,1536791610,"Washington, D.C.",15297206,79,25343,3,True,352,1
Thu Jan 14 14:59:24 +0000 2016,3586,1326,1536791610,"Washington, D.C.",15297206,79,25343,3,True,352,1
Thu Oct 26 14:55:07 +0000 2017,0,9,8953122,"Washington, DC",611243,7901,10532,783,True,28286,1
Wed Jun 07 18:13:00 +0000 2017,0,0,34011379,"Los Angeles, CA",6121,73,372,2,True,1720,1
Wed May 17 07:41:17 +0000 2017,0,0,34011379,"Los Angeles, CA",6121,73,372,2,True,1720,1
Mon Feb 13 21:19:26 +0000 2017,0,1,34011379,"Los Angeles, CA",6121,73,372,2,True,1720,1
Wed Dec 07 03:50:40 +0000 2016,1,2,34011379,"Los Angeles, CA",6121,73,372,2,True,1720,1
Fri Oct 13 17:05:18 +0000 2017,0,0,44958738,"Washington, D.C.",20528,659,994,1637,True,15288,1
Wed Nov 01 15:01:01 +0000 2017,0,19,15766082,"Washington, DC",183692,10167,3359,5707,True,36400,1
Fri Oct 27 15:21:01 +0000 2017,1,0,15766082,"Washington, DC",183692,10167,3359,5707,True,36400,1
Sat Aug 05 13:57:27 +0000 2017,0,2140,19206876,"Washington, DC",17807,1166,656,35,False,2295,1
Fri Aug 04 18:35:02 +0000 2017,0,35,19206876,"Washington, DC",17807,1166,656,35,False,2295,1
Wed Jun 07 12:06:47 +0000 2017,0,6,19206876,"Washington, DC",17807,1166,656,35,False,2295,1
Sat Aug 19 22:03:43 +0000 2017,0,0,794015766,North Carolina,1403,1670,96,1705,False,1475,1
Sat Aug 19 21:54:42 +0000 2017,4,1,794015766,North Carolina,1403,1670,96,1705,False,1475,1
Thu Oct 26 23:00:06 +0000 2017,0,3,87711816,"Washington, DC",39005,459,1019,329,True,14624,1
Mon Oct 23 15:30:04 +0000 2017,1,0,87711816,"Washington, DC",39005,459,1019,329,True,14624,1
Sat Oct 21 21:00:04 +0000 2017,2,5,87711816,"Washington, DC",39005,459,1019,329,True,14624,1
Fri Oct 20 19:15:03 +0000 2017,1,2,87711816,"Washington, DC",39005,459,1019,329,True,14624,1
Fri Jun 16 16:31:45 +0000 2017,3,0,3316189983,"Hollywood, CA",781,1021,14,906,False,669,1
Wed May 10 15:50:28 +0000 2017,0,1,3316189983,"Hollywood, CA",781,1021,14,906,False,669,1
Thu Sep 14 22:22:02 +0000 2017,0,0,15563981,Arizona & N.C.,3931,2886,353,7028,False,22911,1
Tue Oct 03 16:45:39 +0000 2017,0,0,19618954,"Palo Alto, CA",5903,739,146,7,False,2186,1
Thu Jul 27 17:07:40 +0000 2017,2,0,19618954,"Palo Alto, CA",5903,739,146,7,False,2186,1
Sat Jul 01 02:48:14 +0000 2017,0,6425,17020255,"Washington, DC",629,1338,20,796,False,2472,1
Mon Mar 13 13:34:30 +0000 2017,0,0,17020255,"Washington, DC",629,1338,20,796,False,2472,1
Tue Mar 28 01:25:08 +0000 2017,0,0,836403501588746241,"Montgomery, AL",16,182,0,30,False,108,1
Fri Oct 27 11:43:31 +0000 2017,0,3,24926288,"Washington, DC",11682,4503,476,10,True,5433,1
Wed Aug 30 19:50:03 +0000 2017,2,1,24926288,"Washington, DC",11682,4503,476,10,True,5433,1
Wed Aug 16 14:58:06 +0000 2017,0,25,24926288,"Washington, DC",11682,4503,476,10,True,5433,1
Thu Nov 02 13:04:02 +0000 2017,4,3,30050899,"Washington, D.C.",96902,2809,4272,2291,True,26149,1
Fri Oct 13 20:12:40 +0000 2017,0,1642,141279172,"New York, NY",9119,619,415,11,True,5715,1
Sun Oct 01 03:06:58 +0000 2017,0,51,141279172,"New York, NY",9119,619,415,11,True,5715,1
Thu Sep 14 16:56:35 +0000 2017,0,29,141279172,"New York, NY",9119,619,415,11,True,5715,1
Mon Sep 11 02:56:32 +0000 2017,0,0,141279172,"New York, NY",9119,619,415,11,True,5715,1
Thu Nov 02 20:38:24 +0000 2017,0,0,762603296,"Eden Prairie, MN",43783,28871,1277,594,False,124028,1
Thu Nov 02 19:12:19 +0000 2017,0,1,762603296,"Eden Prairie, MN",43783,28871,1277,594,False,124028,1
Thu Nov 02 12:46:01 +0000 2017,6,4,197823320,"Las Vegas, NV",19955,1830,730,12392,False,815079,1
Wed Jul 19 20:55:04 +0000 2017,9,0,28113052,"New York, NY",12550,2471,590,1622,True,5951,1
Wed Jan 27 18:17:56 +0000 2010,0,0,14683000,"San Francisco, CA",1482,457,19,0,False,1747,1
Thu Nov 02 10:45:04 +0000 2017,23,42,3108351,"New York, NY",15060430,1094,107253,1298,True,220395,1
Thu Nov 02 09:15:06 +0000 2017,44,15,3108351,"New York, NY",15060430,1094,107253,1298,True,220395,1
Mon Oct 02 17:54:08 +0000 2017,16,2,90728139,"Boston, MA",4410,1254,219,4414,True,2516,1
Wed Sep 27 00:01:14 +0000 2017,2,0,90728139,"Boston, MA",4410,1254,219,4414,True,2516,1
Tue Aug 01 18:13:19 +0000 2017,1,0,90728139,"Boston, MA",4410,1254,219,4414,True,2516,1
Tue Jul 25 18:55:57 +0000 2017,6,0,90728139,"Boston, MA",4410,1254,219,4414,True,2516,1
Wed Oct 25 07:54:05 +0000 2017,0,546,93293716,New York sometimes,11366,2038,460,383,True,24441,1
Thu Oct 19 16:03:40 +0000 2017,0,22,93293716,New York sometimes,11366,2038,460,383,True,24441,1
Mon Oct 30 18:12:01 +0000 2017,77,57,58503762,"Washington, DC",69086,760,1426,10024,True,27000,1
Fri Sep 08 23:09:26 +0000 2017,0,2,97085081,"San Diego, CA",2277,2909,12,3580,False,4924,1
Wed Aug 02 18:43:11 +0000 2017,20,4,97085081,"San Diego, CA",2277,2909,12,3580,False,4924,1
Wed Jul 19 17:22:35 +0000 2017,6,1,97085081,"San Diego, CA",2277,2909,12,3580,False,4924,1
Fri Sep 22 20:24:45 +0000 2017,120,41,799764016885329921,"Washington, DC",61663,63,997,8,True,271,1
Wed Jul 19 14:33:18 +0000 2017,140,34,799764016885329921,"Washington, DC",61663,63,997,8,True,271,1
Wed Jun 21 22:42:50 +0000 2017,249,93,799764016885329921,"Washington, DC",61663,63,997,8,True,271,1
Tue May 30 17:17:48 +0000 2017,127,38,799764016885329921,"Washington, DC",61663,63,997,8,True,271,1
Wed Nov 01 19:16:23 +0000 2017,0,2074,25934849,"Washington, DC",4126,1195,200,18626,True,36828,1
Wed May 24 13:20:13 +0000 2017,3,1,348658836,"New York, NY",5556,437,208,184,False,4329,1
Tue Feb 28 20:37:26 +0000 2017,11,8,348658836,"New York, NY",5556,437,208,184,False,4329,1
Thu Oct 19 14:30:10 +0000 2017,13,3,167518667,New York,93747,1611,2491,6052,True,54296,1
Mon Aug 14 04:33:18 +0000 2017,0,7681,589668709,"New York, NY",560,249,4,5251,False,903,1
Wed Jul 12 20:28:48 +0000 2017,0,62,589668709,"New York, NY",560,249,4,5251,False,903,1
Wed Jun 14 20:45:03 +0000 2017,5,1,589668709,"New York, NY",560,249,4,5251,False,903,1
Thu Nov 02 20:30:26 +0000 2017,2,0,19546277,"New York, NY",795477,1778,9953,2490,True,146602,1
Thu Nov 02 20:03:12 +0000 2017,4,3,19546277,"New York, NY",795477,1778,9953,2490,True,146602,1
Thu Nov 02 15:52:46 +0000 2017,3,1,19546277,"New York, NY",795477,1778,9953,2490,True,146602,1
Thu Nov 02 13:36:20 +0000 2017,0,1,19546277,"New York, NY",795477,1778,9953,2490,True,146602,1
Thu Nov 02 00:01:15 +0000 2017,1,3,19546277,"New York, NY",795477,1778,9953,2490,True,146602,1
Wed Nov 01 20:45:16 +0000 2017,2,3,19546277,"New York, NY",795477,1778,9953,2490,True,146602,1
Wed Nov 01 20:23:49 +0000 2017,1,0,19546277,"New York, NY",795477,1778,9953,2490,True,146602,1
Fri Jul 14 22:25:34 +0000 2017,0,109,2509007959,"Ludington, MI",436,320,1,5653,False,1766,1
Sun Feb 19 18:33:51 +0000 2017,0,0,396461506,San Antonio Texas,899,2768,7,4859,False,1328,1
Sun Sep 18 14:03:33 +0000 2016,0,0,396461506,San Antonio Texas,899,2768,7,4859,False,1328,1
Fri Sep 08 07:13:58 +0000 2017,17,1,25233746,"Los Angeles, CA/ St.Louis,Mo",1127206,1365,3183,371,True,7580,1
Thu Aug 10 18:12:33 +0000 2017,1,0,2273269213,"Washington, DC",2939,437,51,650,False,1678,1
Mon Jun 26 20:37:47 +0000 2017,0,0,2273269213,"Washington, DC",2939,437,51,650,False,1678,1
Tue Oct 31 19:05:20 +0000 2017,2,0,95652758,"Washington, D.C.",9826,1757,323,4620,False,13171,1
Thu Oct 26 15:04:36 +0000 2017,0,124,95652758,"Washington, D.C.",9826,1757,323,4620,False,13171,1
Tue Oct 31 21:33:18 +0000 2017,24,0,16123235,"Portland, OR",7392,342,275,18163,False,24173,1
Wed Sep 20 17:09:49 +0000 2017,13,6,1702902050,"Washington, DC",4760,555,141,341,False,2826,1
Mon Oct 09 19:11:43 +0000 2017,0,0,28062080,"Portland, OR",196,1045,10,2200,False,6121,1
Mon Sep 18 01:49:31 +0000 2017,1,0,28062080,"Portland, OR",196,1045,10,2200,False,6121,1
Thu Nov 02 17:08:23 +0000 2017,0,0,15505559,"New York, New York",6600,2416,269,3855,True,3682,1
Wed Nov 01 21:33:11 +0000 2017,0,0,15505559,"New York, New York",6600,2416,269,3855,True,3682,1
Wed Nov 01 21:31:12 +0000 2017,0,0,15505559,"New York, New York",6600,2416,269,3855,True,3682,1
Thu Oct 19 00:16:40 +0000 2017,0,1,1482242911,Washington D.C. - Los Angeles ,5494,1710,116,586,False,2851,1
Wed Sep 27 13:07:25 +0000 2017,0,56,1482242911,Washington D.C. - Los Angeles ,5494,1710,116,586,False,2851,1
Tue Oct 18 15:45:12 +0000 2016,3324,820,813286,"Washington, DC",96505074,626921,227211,10,True,15474,1
Wed Sep 27 13:44:35 +0000 2017,0,5,142315243,"New York, NY",3466,3209,104,1163,False,15512,1
Thu Oct 12 02:27:00 +0000 2017,16,8,21918310,"Washington, DC",259932,332,3665,1551,True,10996,1
Sat Sep 09 14:54:03 +0000 2017,0,12,21918310,"Washington, DC",259932,332,3665,1551,True,10996,1
Mon Oct 23 16:24:53 +0000 2017,0,5,12655722,Missouri School of Journalism,24618,611,1421,745,False,5902,1
Fri Sep 15 13:24:29 +0000 2017,0,1,12655722,Missouri School of Journalism,24618,611,1421,745,False,5902,1
Wed Sep 20 21:57:06 +0000 2017,0,0,101474181,"Kalamazoo, MI",6744,396,475,637,False,6139,1
Tue Sep 05 14:04:41 +0000 2017,27,3,101474181,"Kalamazoo, MI",6744,396,475,637,False,6139,1
Thu Oct 26 16:05:26 +0000 2017,0,124,47848003,"Washington, DC",14707,2710,505,4271,True,11922,1
Wed May 24 00:03:32 +0000 2017,28,10,18582812,"Palo Alto, CA",14163,809,435,451,True,6539,1
Tue Apr 25 22:38:04 +0000 2017,0,0,18828372,"San Diego & Garden Grove, CA",1365,529,57,3290,False,17128,1
Mon Dec 05 20:25:24 +0000 2016,1,0,18828372,"San Diego & Garden Grove, CA",1365,529,57,3290,False,17128,1
Thu Nov 02 17:10:39 +0000 2017,64,29,218975278,Washington DC,110084,702,3005,16632,True,64718,1
Thu Nov 02 17:10:24 +0000 2017,69,15,218975278,Washington DC,110084,702,3005,16632,True,64718,1
Wed Dec 07 18:42:14 +0000 2016,0,349,16788391,"Washington, D.C.",771,202,18,37,False,1957,1
Thu Sep 08 22:34:47 +0000 2016,0,28,164412502,Washington DC,144739,1032,2931,956,True,12596,1
Wed Oct 18 14:39:11 +0000 2017,3913,478,939091,"Washington, D.C.",2453323,22,10715,0,True,1330,1
Tue Oct 17 14:49:11 +0000 2017,0,503,939091,"Washington, D.C.",2453323,22,10715,0,True,1330,1
Tue Oct 17 14:28:54 +0000 2017,1274,184,939091,"Washington, D.C.",2453323,22,10715,0,True,1330,1
Tue Oct 17 14:28:21 +0000 2017,9708,1084,939091,"Washington, D.C.",2453323,22,10715,0,True,1330,1
Mon Sep 18 12:28:18 +0000 2017,1543,262,939091,"Washington, D.C.",2453323,22,10715,0,True,1330,1
Fri Jul 28 17:12:50 +0000 2017,4146,649,939091,"Washington, D.C.",2453323,22,10715,0,True,1330,1
Fri Oct 27 08:12:17 +0000 2017,0,2,21252618,Washington,93155,2898,2336,74,True,42957,1
Tue Oct 31 04:31:45 +0000 2017,18,5,739973665631047680,"Beverly Grove, CA",6520,6300,54,1586,False,3150,1
Thu Oct 26 05:47:11 +0000 2017,0,2070,739973665631047680,"Beverly Grove, CA",6520,6300,54,1586,False,3150,1
Wed Oct 25 22:48:57 +0000 2017,39,20,739973665631047680,"Beverly Grove, CA",6520,6300,54,1586,False,3150,1
Mon Oct 30 20:05:11 +0000 2017,21,1,352548417,"Washington, DC",178740,1293,3194,2373,True,34933,1
Wed Nov 01 09:46:36 +0000 2017,6,0,13168412,"Washington, DC",6257,1742,208,49192,True,40735,1
Sat Oct 28 23:44:20 +0000 2017,3,0,13168412,"Washington, DC",6257,1742,208,49192,True,40735,1
Thu Nov 02 01:45:29 +0000 2017,0,0,178612775,New York,13770,1057,242,59,True,18290,1
Tue Oct 31 03:49:27 +0000 2017,0,1489,731167584,"Los Angeles, CA",38194,1766,1244,52,False,14136,1
Mon Oct 30 15:14:22 +0000 2017,0,92,731167584,"Los Angeles, CA",38194,1766,1244,52,False,14136,1
Thu Oct 12 18:22:23 +0000 2017,0,108,227660675,"New York, NY",48011,892,1346,2683,True,14333,1
Thu Sep 28 10:06:04 +0000 2017,0,2,227660675,"New York, NY",48011,892,1346,2683,True,14333,1
Wed Feb 15 00:17:53 +0000 2017,0,0,14130084,"New York, NY",4030,847,334,685,False,1319,1
Sat Feb 04 03:24:58 +0000 2017,2,0,14130084,"New York, NY",4030,847,334,685,False,1319,1
Fri Oct 13 16:57:24 +0000 2017,0,5,423667118,Washington D.C.,656,474,24,184,False,1360,1
Sun Mar 26 13:57:42 +0000 2017,0,0,423667118,Washington D.C.,656,474,24,184,False,1360,1
Thu May 04 15:50:14 +0000 2017,1,1,570848593,"Washington, DC",434,475,15,316,False,715,1
Sun Apr 02 14:30:01 +0000 2017,2,1,570848593,"Washington, DC",434,475,15,316,False,715,1
Fri Sep 26 18:27:51 +0000 2014,0,15,19926698,"Columbus, NC",1172,1973,32,3,False,693,1
Mon Sep 18 14:51:07 +0000 2017,0,0,216549433,"Washington, D.C.",1341,1459,85,665,True,6613,1
Thu Sep 28 16:58:41 +0000 2017,0,0,36607433,"Ogden, UT",479,704,20,16666,False,4800,1
Thu Jun 08 21:16:47 +0000 2017,0,1,17285007,New York City,9442,477,455,228,True,6427,1
Thu Jun 08 15:06:07 +0000 2017,1,3,17285007,New York City,9442,477,455,228,True,6427,1
Sat Oct 21 02:27:27 +0000 2017,1,0,588551910,"Portland, OR",80,174,4,1959,False,634,1
Sun Aug 13 18:52:52 +0000 2017,0,29673,253375098,"Virginia, USA",746,744,0,1148,False,6578,1
Fri Oct 27 20:19:41 +0000 2017,1,2,90216414,"New York, NY",16762,3451,320,1570,True,23753,1
Tue Oct 31 21:46:28 +0000 2017,160,44,14717197,NY & DC,268012,583,9324,131,True,120864,1
Mon Oct 16 22:20:31 +0000 2017,111,34,1074518754,"Washington, D.C.",69177,2683,1738,471,True,10772,1
Wed Oct 04 20:37:08 +0000 2017,15,34,1074518754,"Washington, D.C.",69177,2683,1738,471,True,10772,1
Thu Sep 28 15:31:24 +0000 2017,33,9,1074518754,"Washington, D.C.",69177,2683,1738,471,True,10772,1
Sat Oct 28 18:30:01 +0000 2017,0,0,85332821,"Washington, DC",36059,9079,709,25491,True,32200,1
Fri Oct 27 22:58:04 +0000 2017,77,1,3095089653,"California, USA",21234,425,59,2671,False,2734,1
Mon Dec 14 22:22:14 +0000 2015,0,0,9155732,New York,3847,1089,178,2164,False,2164,1
Sat May 09 23:38:47 +0000 2015,0,0,9155732,New York,3847,1089,178,2164,False,2164,1
Sat Aug 26 22:22:09 +0000 2017,0,0,120187926,NYC - Westchester ,1984,5001,81,206,False,15415,1
Wed Aug 23 14:40:59 +0000 2017,2,0,120187926,NYC - Westchester ,1984,5001,81,206,False,15415,1
Tue Aug 15 15:10:47 +0000 2017,0,0,120187926,NYC - Westchester ,1984,5001,81,206,False,15415,1
Wed Aug 09 16:46:44 +0000 2017,0,0,120187926,NYC - Westchester ,1984,5001,81,206,False,15415,1
Tue Oct 31 18:26:23 +0000 2017,0,0,14755492,"New York, NY",962228,1297,7441,1377,True,21562,1
Thu Sep 28 22:41:36 +0000 2017,35,28,14755492,"New York, NY",962228,1297,7441,1377,True,21562,1
Wed Nov 01 14:33:22 +0000 2017,76,11,35816588,"Ann Arbor, MI",120161,21071,369,4374,True,40151,1
Mon Oct 16 15:20:57 +0000 2017,0,13,1108676095,"Austin, TX",1954,5001,42,4702,False,7015,1
Fri Oct 06 00:44:51 +0000 2017,0,0,1108676095,"Austin, TX",1954,5001,42,4702,False,7015,1
Tue May 09 19:05:26 +0000 2017,0,17,2909744993,"Washington, DC",466,420,11,362,False,238,1
Wed Aug 02 00:45:21 +0000 2017,189,23,17461978,TOUT-SHAQ. INSTAGRAM-SHAQ,14803807,688,48566,67,True,8924,1
Sat Oct 14 15:38:54 +0000 2017,0,0,78896398,New York area,28963,379,663,200,True,13428,1
Fri Oct 13 22:33:34 +0000 2017,36,5,78896398,New York area,28963,379,663,200,True,13428,1
Mon Oct 09 18:16:38 +0000 2017,0,0,78896398,New York area,28963,379,663,200,True,13428,1
Mon Oct 09 17:23:04 +0000 2017,0,0,78896398,New York area,28963,379,663,200,True,13428,1
Wed Nov 01 01:40:16 +0000 2017,0,5,17086475,"New York, New York",38595,6129,1607,901,True,27105,1
Thu Oct 26 13:34:08 +0000 2017,2,0,17086475,"New York, New York",38595,6129,1607,901,True,27105,1
Thu Nov 02 19:57:07 +0000 2017,3,4,816833925456789505,"San Pedro, CA",5478,479,243,391,True,1480,1
Fri Oct 27 20:55:42 +0000 2017,2,4,816833925456789505,"San Pedro, CA",5478,479,243,391,True,1480,1
Mon Sep 25 19:46:30 +0000 2017,1,0,816833925456789505,"San Pedro, CA",5478,479,243,391,True,1480,1
Mon Jul 27 17:08:24 +0000 2015,0,0,24335159,"Los Angeles, CA",890,1774,73,855,False,1546,1
Tue Jul 14 17:14:25 +0000 2015,0,3,24335159,"Los Angeles, CA",890,1774,73,855,False,1546,1
Thu Jan 15 01:37:19 +0000 2015,0,2,24335159,"Los Angeles, CA",890,1774,73,855,False,1546,1
Mon Oct 09 14:41:41 +0000 2017,0,16,49808712,"Rutherford, NJ",3665,993,191,22,False,45656,1
Thu Oct 05 01:32:18 +0000 2017,0,0,49808712,"Rutherford, NJ",3665,993,191,22,False,45656,1
Wed Oct 04 21:37:43 +0000 2017,0,0,49808712,"Rutherford, NJ",3665,993,191,22,False,45656,1
Wed Oct 04 13:45:59 +0000 2017,0,0,49808712,"Rutherford, NJ",3665,993,191,22,False,45656,1
Tue Sep 26 17:37:32 +0000 2017,0,1339,813512,YVR/SFO/NYC,68897,93,2594,1629,True,6828,1
Thu Nov 02 13:32:12 +0000 2017,4,0,50446226,"Washington, D.C.",142286,348,3716,7502,True,34204,1
Wed Nov 01 14:19:58 +0000 2017,9,2,50446226,"Washington, D.C.",142286,348,3716,7502,True,34204,1
Thu Oct 26 14:57:06 +0000 2017,0,124,50446226,"Washington, D.C.",142286,348,3716,7502,True,34204,1
Fri Jul 28 14:02:10 +0000 2017,42,56,98015030,"Cambridge, MA",66969,156,1625,19,True,646,1
Sat Sep 17 15:43:35 +0000 2016,0,529,98015030,"Cambridge, MA",66969,156,1625,19,True,646,1
Thu Jun 09 11:34:06 +0000 2016,37,34,98015030,"Cambridge, MA",66969,156,1625,19,True,646,1
Wed Nov 01 01:22:05 +0000 2017,19,4,11107172,"Oakland, CA",203156,5599,4704,25814,True,55442,1
Mon Oct 30 20:54:56 +0000 2017,0,0,11107172,"Oakland, CA",203156,5599,4704,25814,True,55442,1
Sun Oct 29 20:15:36 +0000 2017,2,0,11107172,"Oakland, CA",203156,5599,4704,25814,True,55442,1
Wed Apr 16 20:19:55 +0000 2014,0,1,272249659,New York City,432,133,25,29,False,744,1
Tue Oct 31 22:30:37 +0000 2017,0,0,941974044,DC via CA + MI,1554,614,56,1792,True,5814,1
Thu Oct 26 20:10:56 +0000 2017,3,2,941974044,DC via CA + MI,1554,614,56,1792,True,5814,1
Tue Oct 17 15:49:35 +0000 2017,1,0,941974044,DC via CA + MI,1554,614,56,1792,True,5814,1
Mon Feb 06 22:22:00 +0000 2017,0,0,890381,"Knoxville, TN",3350,348,215,835,False,3712,1
Tue Mar 01 18:40:46 +0000 2016,3,0,890381,"Knoxville, TN",3350,348,215,835,False,3712,1
Thu Dec 31 18:10:23 +0000 2015,0,649,890381,"Knoxville, TN",3350,348,215,835,False,3712,1
Thu Aug 13 00:43:19 +0000 2015,2,0,890381,"Knoxville, TN",3350,348,215,835,False,3712,1
Mon Oct 16 11:21:44 +0000 2017,2,1,20926173,New York City,6441,177,281,3,False,2133,1
Fri Jul 28 00:41:43 +0000 2017,0,0,20926173,New York City,6441,177,281,3,False,2133,1
Wed Nov 01 02:13:10 +0000 2017,31,10,14348157,Here and there. Usually NYC.,99362,791,3334,4916,True,42351,1
Wed Nov 01 15:56:00 +0000 2017,2,0,17906632,"Washington, DC ¡¤ 103.5 FM",263546,910,3031,1431,True,271608,1
Wed Nov 01 14:32:01 +0000 2017,2,0,17906632,"Washington, DC ¡¤ 103.5 FM",263546,910,3031,1431,True,271608,1
Wed Sep 20 16:14:22 +0000 2017,0,0,111345390,"New York, Chicago, Bay Area",4136,1072,201,1016,False,5545,1
Thu Dec 01 00:01:49 +0000 2016,4432,1168,325830217,"Washington, D.C.",2710594,133,8862,11,True,3657,1
Fri Sep 23 16:29:49 +0000 2016,619,123,325830217,"Washington, D.C.",2710594,133,8862,11,True,3657,1
Sat Jul 02 17:12:12 +0000 2016,0,92,325830217,"Washington, D.C.",2710594,133,8862,11,True,3657,1
Wed Jun 22 14:31:29 +0000 2016,0,176,325830217,"Washington, D.C.",2710594,133,8862,11,True,3657,1
Fri Sep 16 16:03:19 +0000 2016,13,2,18948077,"Denver, CO",426,472,29,56,False,363,1
Wed Oct 25 04:00:22 +0000 2017,1,0,114014290,"Newburyport, MA",1431,985,126,1111,False,8797,1
Tue Aug 29 22:30:20 +0000 2017,2,0,114014290,"Newburyport, MA",1431,985,126,1111,False,8797,1
Mon Oct 30 17:47:08 +0000 2017,11,0,5768872,NYC,1585991,10028,29654,48171,True,157285,1
Wed Dec 28 07:29:28 +0000 2016,0,8788,1956812402,New York City,2993,503,107,268,False,586,1
Wed Dec 21 14:44:02 +0000 2016,0,5668,1956812402,New York City,2993,503,107,268,False,586,1
Thu Jun 08 21:20:42 +0000 2017,2,4,29575012,"Tooele, Utah",1427,70,89,2,False,745,1
Sat Mar 18 02:27:14 +0000 2017,1,1,29575012,"Tooele, Utah",1427,70,89,2,False,745,1
Fri Oct 13 12:05:18 +0000 2017,30,9,36890646,"Washington, D.C.",63891,2062,1757,533,True,29451,1
Thu Sep 28 18:32:39 +0000 2017,0,2,90714384,NYC/SF/LA/Philly/Boston & more,20964,1154,722,1330,True,6113,1
Tue Sep 12 13:40:32 +0000 2017,2,0,90714384,NYC/SF/LA/Philly/Boston & more,20964,1154,722,1330,True,6113,1
Thu Sep 07 18:18:52 +0000 2017,2,2,90714384,NYC/SF/LA/Philly/Boston & more,20964,1154,722,1330,True,6113,1
Fri Sep 01 15:27:00 +0000 2017,0,0,90714384,NYC/SF/LA/Philly/Boston & more,20964,1154,722,1330,True,6113,1
Thu Nov 02 20:43:06 +0000 2017,0,0,13192972,"Seattle, WA",264142,5631,3805,12745,True,185779,1
Wed Nov 01 20:51:04 +0000 2017,1,1,13192972,"Seattle, WA",264142,5631,3805,12745,True,185779,1
Wed Nov 01 20:39:48 +0000 2017,0,0,13192972,"Seattle, WA",264142,5631,3805,12745,True,185779,1
Thu Nov 02 17:01:41 +0000 2017,0,1,18243006,"New York, NY",49152,944,2198,7551,False,67999,1
Thu Nov 02 13:10:18 +0000 2017,0,1,18243006,"New York, NY",49152,944,2198,7551,False,67999,1
Wed Nov 01 20:01:22 +0000 2017,1,0,18243006,"New York, NY",49152,944,2198,7551,False,67999,1
Fri Oct 27 22:01:09 +0000 2017,2,0,18243006,"New York, NY",49152,944,2198,7551,False,67999,1
Thu Nov 02 19:14:12 +0000 2017,22,15,28785486,New York City / Worldwide,12603623,738,50413,460,True,185931,1
Tue Sep 26 20:23:53 +0000 2017,718,97,19058681,"Los Angeles, California",18851614,773,74212,411,True,9752,1
Fri Jul 07 23:53:20 +0000 2017,20,4,19058681,"Los Angeles, California",18851614,773,74212,411,True,9752,1
Fri Jul 07 23:32:41 +0000 2017,3030,818,19058681,"Los Angeles, California",18851614,773,74212,411,True,9752,1
Tue Oct 31 04:30:35 +0000 2017,7,2,74051281,"New York, NY, USA",56372,2343,1725,476,False,17904,1
Wed Oct 25 22:55:43 +0000 2017,12,2,74051281,"New York, NY, USA",56372,2343,1725,476,False,17904,1
Tue Oct 24 23:07:08 +0000 2017,3,0,74051281,"New York, NY, USA",56372,2343,1725,476,False,17904,1
Sun Jan 01 11:43:51 +0000 2017,0,0,609649928,Montana,389,315,0,1086,False,3526,1
Tue Apr 05 14:24:05 +0000 2016,18,12,555453339,"Washington, D.C.",2757,194,139,184,True,7559,1
Fri Apr 01 19:22:42 +0000 2016,2,1,555453339,"Washington, D.C.",2757,194,139,184,True,7559,1
Thu Jun 16 19:16:52 +0000 2016,2,2,400344850,"New York, NY",5260,7,147,1,False,170,1
Mon Oct 30 23:05:01 +0000 2017,10,7,15922214,"Washington, D.C.",355821,1182,7818,1216,True,86518,1
Fri Oct 27 23:05:22 +0000 2017,4,3,15922214,"Washington, D.C.",355821,1182,7818,1216,True,86518,1
Mon Oct 09 17:15:40 +0000 2017,0,14,349150443,"Boise, Idaho",5594,217,161,140,True,2328,1
Fri Sep 15 23:36:28 +0000 2017,5,3,349150443,"Boise, Idaho",5594,217,161,140,True,2328,1
Mon Aug 28 01:21:25 +0000 2017,4,4,349150443,"Boise, Idaho",5594,217,161,140,True,2328,1
Mon Aug 07 16:10:53 +0000 2017,8,5,349150443,"Boise, Idaho",5594,217,161,140,True,2328,1
Mon Jul 03 11:15:07 +0000 2017,0,2842,2546261755,"Cambridge, Massachusetts, USA",3476,77,162,1425,False,2694,1
Mon Jan 02 20:24:02 +0000 2017,3,0,316872894,"New Haven, CT",470,381,11,733,False,308,1
Mon Nov 28 03:39:54 +0000 2016,0,0,316872894,"New Haven, CT",470,381,11,733,False,308,1
Wed Mar 25 18:25:21 +0000 2015,1,0,21057743,"Denver, Colorado",50718,46360,801,8,False,4632,1
Fri Nov 21 22:42:11 +0000 2014,1,0,21057743,"Denver, Colorado",50718,46360,801,8,False,4632,1
Wed Sep 06 02:05:28 +0000 2017,1,0,87215923,"Cambridge, MA",3315,765,229,676,True,9913,1
Thu Mar 28 15:15:19 +0000 2013,0,0,816479989,"New York, NY",189,84,12,75,False,188,1
Wed Mar 27 15:13:42 +0000 2013,0,0,816479989,"New York, NY",189,84,12,75,False,188,1
Wed Sep 12 16:49:40 +0000 2012,0,0,816479989,"New York, NY",189,84,12,75,False,188,1
Wed Aug 30 17:49:52 +0000 2017,3,0,109099939,"Austin, TX",3814,167,123,132,False,2519,1
Fri Nov 04 19:36:46 +0000 2016,1,0,109099939,"Austin, TX",3814,167,123,132,False,2519,1
Fri Nov 04 03:46:52 +0000 2016,0,0,109099939,"Austin, TX",3814,167,123,132,False,2519,1
Mon Oct 30 14:29:51 +0000 2017,4,2,52379394,"Oakland, CA",19270,921,599,4311,False,11599,1
Wed Nov 01 22:36:18 +0000 2017,3,2,1759181,"Austin, TX",22296,8631,889,79227,False,164816,1
Thu Jan 05 22:34:18 +0000 2017,0,24,2486298920,"Broncos Country, CA",4696,364,11,2674,True,1302,1
Sat Oct 28 23:40:48 +0000 2017,0,2077,16129920,"New York, NY USA",8590999,2739,47076,0,True,6334,1
Fri Oct 13 20:25:42 +0000 2017,0,1642,16129920,"New York, NY USA",8590999,2739,47076,0,True,6334,1
Thu Sep 28 02:34:34 +0000 2017,7087,1237,16129920,"New York, NY USA",8590999,2739,47076,0,True,6334,1
Mon Sep 25 18:36:08 +0000 2017,0,1354,16129920,"New York, NY USA",8590999,2739,47076,0,True,6334,1
Tue Oct 17 17:08:03 +0000 2017,3,1,146252766,"Washington, D.C.",21466,1009,692,4084,True,15422,1
Tue Oct 17 17:02:33 +0000 2017,2,1,146252766,"Washington, D.C.",21466,1009,692,4084,True,15422,1
Tue Jul 11 22:24:52 +0000 2017,0,2,399502130,San Antonio | Corpus Christi | Austin | Houston | Texas Gulf Coast | Dallas | Fort Worth | Texas,551,629,49,266,False,645,1
Thu Apr 14 01:31:28 +0000 2016,0,1,399502130,San Antonio | Corpus Christi | Austin | Houston | Texas Gulf Coast | Dallas | Fort Worth | Texas,551,629,49,266,False,645,1
Tue Oct 17 17:45:47 +0000 2017,1,0,57389552,"Des Moines, Iowa",2824,748,229,255,True,5028,1
Wed Oct 04 20:54:34 +0000 2017,0,0,57389552,"Des Moines, Iowa",2824,748,229,255,True,5028,1
Tue Sep 05 21:17:55 +0000 2017,1,0,57389552,"Des Moines, Iowa",2824,748,229,255,True,5028,1
Thu Aug 02 01:13:52 +0000 2012,0,2,29941223,"Herriman, UT",1730,1054,103,10,False,2829,1
Thu Jul 19 14:46:17 +0000 2012,0,3,29941223,"Herriman, UT",1730,1054,103,10,False,2829,1
Thu Jun 07 19:34:09 +0000 2012,0,2,29941223,"Herriman, UT",1730,1054,103,10,False,2829,1
Wed Jun 06 15:18:13 +0000 2012,0,7,29941223,"Herriman, UT",1730,1054,103,10,False,2829,1
Wed Jun 06 15:17:23 +0000 2012,1,2,29941223,"Herriman, UT",1730,1054,103,10,False,2829,1
Tue Jun 05 01:29:52 +0000 2012,1,0,29941223,"Herriman, UT",1730,1054,103,10,False,2829,1
Mon Jun 04 18:54:42 +0000 2012,0,0,29941223,"Herriman, UT",1730,1054,103,10,False,2829,1
Wed Oct 18 22:40:22 +0000 2017,0,104,16112037,"Nashville, TN",98006,138,1567,185,True,22258,1
Thu Oct 12 15:18:40 +0000 2017,7,3,16112037,"Nashville, TN",98006,138,1567,185,True,22258,1
Wed Apr 13 19:13:25 +0000 2011,3,5,15169467,"Austin, TX",2223,2256,178,6,False,1837,1
Fri Feb 25 17:48:52 +0000 2011,1,0,15169467,"Austin, TX",2223,2256,178,6,False,1837,1
Wed Feb 16 23:52:30 +0000 2011,0,0,15169467,"Austin, TX",2223,2256,178,6,False,1837,1
Mon Jun 29 19:06:46 +0000 2015,0,0,264260435,"Minneapolis, MN",6316,178,191,0,True,554,1
Mon Jun 23 15:51:32 +0000 2014,0,1,264260435,"Minneapolis, MN",6316,178,191,0,True,554,1
Thu Oct 19 01:36:25 +0000 2017,2,0,37999041,"Washington, DC",132054,1101,2524,28001,True,16790,1
Sun Oct 15 15:30:19 +0000 2017,86,27,37999041,"Washington, DC",132054,1101,2524,28001,True,16790,1
Mon Sep 18 17:59:44 +0000 2017,30,2,37999041,"Washington, DC",132054,1101,2524,28001,True,16790,1
Sat May 27 04:59:42 +0000 2017,0,2,3167846185,"Darby, MT",445,176,12,518,False,180,1
Mon Apr 18 00:03:17 +0000 2016,3,1,3167846185,"Darby, MT",445,176,12,518,False,180,1
Mon Oct 23 01:04:33 +0000 2017,2,0,586,California and Montana ,1841358,1338,12950,258765,True,65804,1
Fri Jul 14 23:52:56 +0000 2017,0,4,19224439,New York,438246,440,10829,8,True,12717,1
Mon Oct 23 20:50:10 +0000 2017,0,2,29986482,"New York, NY",11685,1491,449,4084,False,6432,1
Mon Oct 23 15:38:44 +0000 2017,0,4,29986482,"New York, NY",11685,1491,449,4084,False,6432,1
Mon Oct 02 13:59:14 +0000 2017,0,8,29986482,"New York, NY",11685,1491,449,4084,False,6432,1
Fri Oct 20 02:52:15 +0000 2017,2721,89,1542453360,"California, USA",344654,406,612,3555,True,4735,1
Tue Oct 10 08:07:49 +0000 2017,1219,26,1542453360,"California, USA",344654,406,612,3555,True,4735,1
Thu Nov 02 03:58:24 +0000 2017,73,16,19480470,"San Francisco, CA",154547,564,2253,8169,True,103308,1
Wed Nov 01 21:16:37 +0000 2017,0,13,19480470,"San Francisco, CA",154547,564,2253,8169,True,103308,1
Mon Oct 30 17:40:24 +0000 2017,68,11,16002085,"Washington, DC",176583,2449,3011,1406,True,39922,1
Tue Oct 24 22:17:32 +0000 2017,200,40,16002085,"Washington, DC",176583,2449,3011,1406,True,39922,1
Wed Nov 01 13:32:03 +0000 2017,0,0,422293154,"Englewood Cliffs, NJ",24545,505,852,1176,True,9020,1
Fri Oct 13 12:40:09 +0000 2017,2,1,422293154,"Englewood Cliffs, NJ",24545,505,852,1176,True,9020,1
Fri Jan 06 22:03:33 +0000 2017,6,1,739272169130237952,"Ludington, MI",774,943,3,1649,False,254,1
Thu Oct 13 21:24:35 +0000 2016,0,43,739272169130237952,"Ludington, MI",774,943,3,1649,False,254,1
Thu Sep 28 18:48:11 +0000 2017,1,0,14336662,"Portland, OR",76091,6393,1134,3220,False,7245,1
Tue Sep 19 20:55:39 +0000 2017,375,65,14336662,"Portland, OR",76091,6393,1134,3220,False,7245,1
Fri Oct 20 22:05:29 +0000 2017,0,7,18587457,"Winston-Salem, NC, NYC",697574,1029,9215,116,True,26436,1
Fri Feb 10 18:14:18 +0000 2017,0,0,82180709,"Washington, DC, USA",1065,130,56,1,False,975,1
Thu Jan 05 14:36:37 +0000 2017,0,0,82180709,"Washington, DC, USA",1065,130,56,1,False,975,1
Mon Apr 18 16:44:49 +0000 2016,1,0,82180709,"Washington, DC, USA",1065,130,56,1,False,975,1
Wed Oct 25 22:25:31 +0000 2017,0,6,16688755,"Portland, OR",246538,861,1866,8146,True,11351,1
Tue Oct 31 19:32:07 +0000 2017,0,1860,219229259,"New York via Sydney, Australia",5680,563,261,865,True,11961,1
Tue Sep 19 14:44:58 +0000 2017,0,3031,249677516,"New York, NY",206435,1067,2015,146,True,14772,1
Thu Jun 22 15:18:45 +0000 2017,0,162,249677516,"New York, NY",206435,1067,2015,146,True,14772,1
Mon Oct 30 14:07:32 +0000 2017,761,369,1383272101,"Edina, MN and Washington, DC",165321,522,2258,14110,True,15421,1
Tue Oct 03 04:09:11 +0000 2017,30,1,156016878,"Washington, DC",69358,1299,2259,4671,True,16779,1
Sun Oct 30 08:08:46 +0000 2016,0,10613,3669467715,"Michigan, USA",68,107,0,177,False,135,1
Tue Sep 26 20:15:04 +0000 2017,0,1,19721585,"Washington, DC",1871,1672,94,3770,True,16152,1
Mon Sep 25 01:31:09 +0000 2017,0,191,19721585,"Washington, DC",1871,1672,94,3770,True,16152,1
Mon Feb 27 14:59:24 +0000 2017,0,0,12056322,"Boston, MA",14147,548,667,1989,True,14702,1
Sun May 29 23:20:39 +0000 2016,0,1,12056322,"Boston, MA",14147,548,667,1989,True,14702,1
Fri Oct 06 20:51:15 +0000 2017,0,1,18025557,"Washington, D.C.",34171,414,1487,810,True,50011,1
Sat Nov 21 02:10:29 +0000 2015,0,884,33514869,"New York, NY ",1704406,22,9925,5,True,545,1
Sat Nov 21 02:07:13 +0000 2015,122,35,33514869,"New York, NY ",1704406,22,9925,5,True,545,1
Tue Sep 02 17:36:02 +0000 2014,0,64,33514869,"New York, NY ",1704406,22,9925,5,True,545,1
Sat Jan 25 22:47:51 +0000 2014,0,26,33514869,"New York, NY ",1704406,22,9925,5,True,545,1
Wed Sep 19 00:24:34 +0000 2012,4,11,33514869,"New York, NY ",1704406,22,9925,5,True,545,1
Wed Oct 25 17:08:19 +0000 2017,9,6,21768766,"Washington, DC",58960,920,1767,210,True,16863,1
Tue Oct 24 13:36:24 +0000 2017,4,5,21768766,"Washington, DC",58960,920,1767,210,True,16863,1
Wed Jul 19 17:06:25 +0000 2017,0,0,619572356,"Washington, DC",1525,2243,43,3,False,1461,1
Mon Mar 27 13:41:45 +0000 2017,0,0,619572356,"Washington, DC",1525,2243,43,3,False,1461,1
Mon Oct 16 20:46:36 +0000 2017,0,35091,318154870,"Maryland, USA",521,516,1,5396,False,19672,1
Thu Sep 28 08:57:53 +0000 2017,4,0,318154870,"Maryland, USA",521,516,1,5396,False,19672,1
Wed Jan 11 05:19:26 +0000 2012,0,0,26069698,"Pasadena, TX",54,41,0,1,False,249,1
Wed Aug 11 00:15:15 +0000 2010,0,0,57733841,"Austin, TX",118,112,14,12,False,195,1
Sat Oct 07 13:32:45 +0000 2017,1812,192,15485441,"New York, New York",49545379,7757,68034,49,True,10214,1
Fri Oct 27 16:45:57 +0000 2017,2,0,9677372,"San Francisco, CA",74762,3042,2524,5355,True,58472,1
Wed Nov 01 19:54:36 +0000 2017,0,1,100564273,"Washington, D.C.",20216,882,712,2569,True,15308,1
Thu Sep 28 13:51:22 +0000 2017,0,1,100564273,"Washington, D.C.",20216,882,712,2569,True,15308,1
Wed Sep 27 13:33:30 +0000 2017,0,3,100564273,"Washington, D.C.",20216,882,712,2569,True,15308,1
Thu Sep 21 13:45:01 +0000 2017,0,4,100564273,"Washington, D.C.",20216,882,712,2569,True,15308,1
Mon Sep 18 21:02:56 +0000 2017,0,2,312898300,"New York, NY",2350,1567,199,4630,False,7414,1
Mon Sep 18 01:09:04 +0000 2017,0,0,312898300,"New York, NY",2350,1567,199,4630,False,7414,1
Fri Oct 27 18:28:29 +0000 2017,0,16613,125995973,New York,46976,1759,1031,365,True,19986,1
Mon Oct 23 20:30:59 +0000 2017,0,18,125995973,New York,46976,1759,1031,365,True,19986,1
Mon Oct 23 16:09:59 +0000 2017,12,10,125995973,New York,46976,1759,1031,365,True,19986,1
Thu Oct 19 13:13:51 +0000 2017,0,104,125995973,New York,46976,1759,1031,365,True,19986,1
Fri Oct 06 19:28:48 +0000 2017,0,95,26520417,Washington D.C.,5725,1704,338,5516,True,5989,1
Fri Sep 29 12:50:50 +0000 2017,0,308,26520417,Washington D.C.,5725,1704,338,5516,True,5989,1
Thu Nov 02 03:41:26 +0000 2017,1,0,242944499,"Washington, D.C.",13043,2198,799,3045,True,31496,1
Sun Oct 22 03:24:55 +0000 2017,0,4,242944499,"Washington, D.C.",13043,2198,799,3045,True,31496,1
Sun Oct 01 15:35:18 +0000 2017,0,3,4916939805,"Detroit, MI",645,1114,2,1055,False,899,1
Mon Sep 18 22:52:04 +0000 2017,4,2,4916939805,"Detroit, MI",645,1114,2,1055,False,899,1
Fri Jan 06 03:09:36 +0000 2017,0,0,4916939805,"Detroit, MI",645,1114,2,1055,False,899,1
Wed Dec 10 20:11:06 +0000 2014,0,0,1955279256,"Orange County, CA",216,520,3,7,False,184,1
Mon Oct 14 00:29:51 +0000 2013,0,0,1955279256,"Orange County, CA",216,520,3,7,False,184,1
Thu Nov 02 03:33:49 +0000 2017,0,11,14185814,"Portland, Oregon",199678,1188,2294,2253,True,133392,1
Tue Aug 15 19:36:43 +0000 2017,117,16,426044697,"New York, NY",480316,407,1307,26016,True,6023,1
Sun Jan 13 03:07:41 +0000 2013,0,0,12871852,"New York, NY, USA",784,606,14,17,False,1319,1
Tue Oct 30 17:20:39 +0000 2012,0,0,12871852,"New York, NY, USA",784,606,14,17,False,1319,1
Tue Oct 24 17:42:20 +0000 2017,0,2,18481050,"Washington, DC",240559,19,5028,5,True,8942,1
Mon Oct 02 18:08:18 +0000 2017,2,2,18481050,"Washington, DC",240559,19,5028,5,True,8942,1
Fri Mar 17 22:21:59 +0000 2017,1,0,1360748538,Texas,14156,7877,23,13197,False,7116,1
Tue Oct 11 13:49:26 +0000 2016,0,97,1360748538,Texas,14156,7877,23,13197,False,7116,1
Sat Feb 18 19:40:43 +0000 2017,26,13,1893877897,"Chapel Hill, NC",2344,362,61,1240,False,1440,1
Tue Oct 31 19:09:16 +0000 2017,1,0,19364382,Washington DC,20097,7467,817,591,True,48898,1
Mon Jan 16 18:01:35 +0000 2017,1,1,1957796712,"Minneapolis, MN",368,366,18,715,False,364,1
Thu Jan 05 21:04:34 +0000 2017,0,0,1957796712,"Minneapolis, MN",368,366,18,715,False,364,1
Mon Sep 19 18:42:34 +0000 2016,1,2,1957796712,"Minneapolis, MN",368,366,18,715,False,364,1
Mon Sep 12 21:00:41 +0000 2016,1,0,1957796712,"Minneapolis, MN",368,366,18,715,False,364,1
Mon Jun 13 14:51:08 +0000 2016,0,0,1957796712,"Minneapolis, MN",368,366,18,715,False,364,1
Tue Mar 01 20:29:53 +0000 2016,1,0,1957796712,"Minneapolis, MN",368,366,18,715,False,364,1
Mon Apr 27 13:47:05 +0000 2015,3,1,1957796712,"Minneapolis, MN",368,366,18,715,False,364,1
Wed Apr 15 11:31:49 +0000 2015,1,0,1957796712,"Minneapolis, MN",368,366,18,715,False,364,1
Thu Sep 25 15:22:56 +0000 2014,1,1,1957796712,"Minneapolis, MN",368,366,18,715,False,364,1
Tue Sep 02 15:57:16 +0000 2014,0,0,1957796712,"Minneapolis, MN",368,366,18,715,False,364,1
Mon Aug 25 16:45:34 +0000 2014,0,1,1957796712,"Minneapolis, MN",368,366,18,715,False,364,1
Tue Aug 05 20:53:35 +0000 2014,0,1,1957796712,"Minneapolis, MN",368,366,18,715,False,364,1
Wed Jul 16 16:36:02 +0000 2014,0,0,1957796712,"Minneapolis, MN",368,366,18,715,False,364,1
Thu May 12 14:19:08 +0000 2016,0,1,730750905121964033,"Tallulah, LA",164,419,0,34,False,32,1
Mon Oct 30 19:33:00 +0000 2017,1913,266,407261533,"Malibu, CA",1911234,114773,3383,14463,False,34278,1
Mon Oct 30 00:32:05 +0000 2017,0,1041,37281592,Washington,61928,1326,2443,3339,True,332,1
Thu Oct 26 14:54:47 +0000 2017,50,6,37281592,Washington,61928,1326,2443,3339,True,332,1
Thu Oct 26 14:54:21 +0000 2017,401,124,37281592,Washington,61928,1326,2443,3339,True,332,1
Tue Sep 12 18:52:00 +0000 2017,0,0,30929600,"Washington, DC",12135,414,537,132,True,4347,1
Fri Aug 18 20:29:00 +0000 2017,2,2,30929600,"Washington, DC",12135,414,537,132,True,4347,1
Tue Oct 17 13:56:11 +0000 2017,7,2,23783962,"Washington, DC",3390,992,165,357,False,5113,1
Tue Oct 17 13:45:53 +0000 2017,3,1,23783962,"Washington, DC",3390,992,165,357,False,5113,1
Mon Oct 16 13:16:59 +0000 2017,0,1,23783962,"Washington, DC",3390,992,165,357,False,5113,1
Tue Oct 03 23:43:22 +0000 2017,1,0,23783962,"Washington, DC",3390,992,165,357,False,5113,1
Sat Sep 30 16:05:32 +0000 2017,0,33350,23783962,"Washington, DC",3390,992,165,357,False,5113,1
Tue Sep 19 20:35:52 +0000 2017,0,1,23783962,"Washington, DC",3390,992,165,357,False,5113,1
Fri Oct 27 23:03:02 +0000 2017,123,19,79366215,NYC,105740,1527,2001,2599,True,6142,1
Fri Sep 22 18:43:57 +0000 2017,127,15,79366215,NYC,105740,1527,2001,2599,True,6142,1
Thu May 25 15:12:57 +0000 2017,2,0,11752272,NYC,62208,15629,4075,86,False,32251,1
Mon Oct 30 16:56:51 +0000 2017,0,1,14976425,South Dakota (Black Hills),14565,187,370,118,False,10865,1
Tue Sep 19 03:02:48 +0000 2017,0,547,341118458,"Washington, D.C.",23175,597,527,164,False,815,1
Mon Jun 05 03:40:45 +0000 2017,0,11118,341118458,"Washington, D.C.",23175,597,527,164,False,815,1
Mon Sep 11 12:51:07 +0000 2017,0,294,2529580546,"Ludington, MI",1109,1176,1,39796,False,9239,1
Thu Aug 31 03:53:37 +0000 2017,0,1172940,2529580546,"Ludington, MI",1109,1176,1,39796,False,9239,1
Tue Oct 31 15:20:18 +0000 2017,3,3,252244719,"Washington, DC",2544,2381,186,10762,False,21026,1
Tue Oct 24 19:19:36 +0000 2017,4,2,252244719,"Washington, DC",2544,2381,186,10762,False,21026,1
Tue Oct 31 14:15:36 +0000 2017,3,0,14260608,"Boston, MA",294453,1010,9225,596,True,16712,1
Wed Sep 27 05:15:08 +0000 2017,2,2,14260608,"Boston, MA",294453,1010,9225,596,True,16712,1
Mon Sep 25 04:27:43 +0000 2017,5,6,14260608,"Boston, MA",294453,1010,9225,596,True,16712,1
Thu Aug 31 22:51:12 +0000 2017,0,1172940,959536537,"Manistee, MI",377,294,0,3418,False,5076,1
Tue Jul 25 15:33:53 +0000 2017,0,84,959536537,"Manistee, MI",377,294,0,3418,False,5076,1
Wed Nov 01 15:07:05 +0000 2017,0,5,16686144,"NYC, London, Paris, Hong Kong",646637,1419,6973,3754,True,100337,1
Sat Apr 08 03:01:18 +0000 2017,1,0,883678904,"Clarksville, TN",859,758,11,7019,False,4013,1
Sun Sep 10 22:06:05 +0000 2017,0,40,476032574,"Memphis,TN",1206,472,27,6192,False,3732,1
Thu Sep 07 15:16:32 +0000 2017,5,0,476032574,"Memphis,TN",1206,472,27,6192,False,3732,1
Tue Oct 21 15:27:26 +0000 2014,0,0,148450829,"Washington, DC",753,308,90,4,False,1369,1
Wed Nov 09 15:27:10 +0000 2016,0,119,23188724,"California, USA",2818800,2074,8016,1698,True,8341,1
Tue Sep 12 12:36:14 +0000 2017,0,0,16010317,Washington,1748,670,153,2272,True,18021,1
Tue Oct 31 00:50:52 +0000 2017,74,46,17487795,"Washington, D.C.",32170,1375,1928,1059,True,63750,1
Thu Oct 26 15:30:03 +0000 2017,1,7,17487795,"Washington, D.C.",32170,1375,1928,1059,True,63750,1
Wed May 03 00:34:37 +0000 2017,1,1,44037370,"Dunsmuir, CA",7070,16,245,1,False,4521,1
Fri Oct 02 23:32:29 +0000 2015,0,564,470548023,New York City,223,203,0,708,False,1465,1
Wed Dec 31 20:14:10 +0000 2014,1,0,470548023,New York City,223,203,0,708,False,1465,1
Thu Mar 13 14:18:26 +0000 2014,2,4,470548023,New York City,223,203,0,708,False,1465,1
Tue Jun 27 18:05:29 +0000 2017,0,22,12237732,Michigan,2289,3058,98,1703,False,8958,1
Fri Oct 27 16:19:43 +0000 2017,17,0,107441863,"Washington, DC",7991,1172,246,5558,True,10440,1
Fri Oct 27 14:41:53 +0000 2017,4,4,107441863,"Washington, DC",7991,1172,246,5558,True,10440,1
Fri Oct 20 11:54:21 +0000 2017,0,2,107441863,"Washington, DC",7991,1172,246,5558,True,10440,1
Wed Oct 11 12:55:21 +0000 2017,315,50,14844867,"Washington, DC",108643,3407,3145,2768,True,41693,1
Wed Jun 14 18:37:32 +0000 2017,3,0,16298415,"Washington, DC",8235,2444,212,436,False,4406,1
Wed Jun 14 14:45:42 +0000 2017,6,0,16298415,"Washington, DC",8235,2444,212,436,False,4406,1
Tue Oct 24 22:12:42 +0000 2017,8,1,135173872,New York,19177,3000,742,1864,True,7582,1
Sat Oct 21 23:29:07 +0000 2017,0,3538,135173872,New York,19177,3000,742,1864,True,7582,1
Tue Sep 12 03:39:55 +0000 2017,0,57,135173872,New York,19177,3000,742,1864,True,7582,1
Sat Jul 15 21:52:54 +0000 2017,0,0,26513122,NYC.....usually,6454,1162,126,46,False,5804,1
Sat Oct 28 17:04:11 +0000 2017,0,2,128593751,"Phoenix, AZ",7166,177,198,2443,False,12429,1
Wed Oct 18 18:11:46 +0000 2017,48,7,48797538,"Washington, DC",20197,321,703,6,False,8537,1
Thu Nov 02 17:50:28 +0000 2017,4,4,11771512,"Washington, DC",46508,2399,1928,16119,True,97896,1
Tue Oct 31 22:45:12 +0000 2017,95,44,810590628727914496,"Washington, DC",213200,1676,2358,6890,True,19524,1
Mon Aug 28 21:14:26 +0000 2017,0,648,16059332,New York,13151,5970,693,6145,True,5629,1
Fri Oct 20 22:15:46 +0000 2017,0,4,16373878,"Santa Monica, CA",39692,1819,1436,2982,True,18063,1
Fri Oct 20 16:48:13 +0000 2017,2,1,16373878,"Santa Monica, CA",39692,1819,1436,2982,True,18063,1
Thu Oct 19 20:18:50 +0000 2017,0,134,16373878,"Santa Monica, CA",39692,1819,1436,2982,True,18063,1
Tue Oct 03 20:47:33 +0000 2017,0,7,210646332,Instagram: @DAVETHEMAC ,201507,80458,446,3191,True,21124,1
Sun Oct 01 23:31:55 +0000 2017,16,7,210646332,Instagram: @DAVETHEMAC ,201507,80458,446,3191,True,21124,1
Sat Sep 09 04:24:11 +0000 2017,59,28,210646332,Instagram: @DAVETHEMAC ,201507,80458,446,3191,True,21124,1
Tue Oct 31 22:21:48 +0000 2017,0,52,757893380,"Washington, DC * Missing NYC",30559,1488,923,742,True,14830,1
Mon Oct 30 22:13:57 +0000 2017,0,1041,757893380,"Washington, DC * Missing NYC",30559,1488,923,742,True,14830,1
Sun Oct 29 12:51:51 +0000 2017,0,29,757893380,"Washington, DC * Missing NYC",30559,1488,923,742,True,14830,1
Thu Oct 19 17:03:21 +0000 2017,0,13,757893380,"Washington, DC * Missing NYC",30559,1488,923,742,True,14830,1
Thu Aug 31 13:03:12 +0000 2017,0,1172940,276282679,"Scottville, MI",461,470,0,1690,False,2164,1
Sun Oct 29 04:30:07 +0000 2017,27,33,21114659,"New York, NY",627148,2187,12089,165,True,33440,1
Fri Oct 27 23:30:13 +0000 2017,130,120,21114659,"New York, NY",627148,2187,12089,165,True,33440,1
Thu Nov 02 16:52:53 +0000 2017,0,4998,65827383,"Washington, DC",1408,672,108,3595,False,4262,1
Tue Oct 31 21:54:16 +0000 2017,3,0,65827383,"Washington, DC",1408,672,108,3595,False,4262,1
Sun Oct 29 15:54:48 +0000 2017,0,808,65827383,"Washington, DC",1408,672,108,3595,False,4262,1
Thu Nov 02 15:26:22 +0000 2017,0,13,19034656,"Washington, D.C.",96426,1463,3798,876,True,31522,1
Wed Oct 25 18:24:54 +0000 2017,8,7,19034656,"Washington, D.C.",96426,1463,3798,876,True,31522,1
Thu Nov 02 13:05:08 +0000 2017,24,14,28657802,"Washington, DC",187403,207,5486,9,True,29192,1
Sat Oct 28 22:02:01 +0000 2017,83,73,28657802,"Washington, DC",187403,207,5486,9,True,29192,1
Tue Oct 24 19:01:40 +0000 2017,41,32,28657802,"Washington, DC",187403,207,5486,9,True,29192,1
Fri Oct 20 01:04:32 +0000 2017,65,45,28657802,"Washington, DC",187403,207,5486,9,True,29192,1
Sun Oct 15 22:01:12 +0000 2017,128,98,28657802,"Washington, DC",187403,207,5486,9,True,29192,1
Wed Oct 11 16:09:39 +0000 2017,77,70,28657802,"Washington, DC",187403,207,5486,9,True,29192,1
Tue Oct 10 17:35:01 +0000 2017,7,2,28657802,"Washington, DC",187403,207,5486,9,True,29192,1
Mon Mar 06 19:44:14 +0000 2017,23,11,18277655,"Seaford, New York",29383,103,1591,106,True,2377,1
Sat May 08 00:46:16 +0000 2010,0,0,60627728,"Washington, D.C.",14856,16,728,0,False,380,1
Sat May 08 00:46:16 +0000 2010,0,0,60627728,"Washington, D.C.",14856,16,728,0,False,380,1
Tue Oct 31 21:03:47 +0000 2017,0,358,17243582,Washington,155618,4593,5368,5373,True,190613,1
Fri Apr 15 10:48:45 +0000 2016,0,0,31324769,AFRICA,480,385,12,118,False,4669,1
Thu Oct 19 18:00:43 +0000 2017,26,2,22535018,New York City,46940,1729,647,3831,True,11494,1
Thu Oct 12 15:08:12 +0000 2017,34,4,22535018,New York City,46940,1729,647,3831,True,11494,1
Fri Sep 01 20:19:50 +0000 2017,11,1,22535018,New York City,46940,1729,647,3831,True,11494,1
Wed Aug 30 23:29:55 +0000 2017,9,2,235086193,"San Bernardino, CA",24693,218,331,1150,False,5461,1
Sun Aug 13 20:40:38 +0000 2017,48,16,235086193,"San Bernardino, CA",24693,218,331,1150,False,5461,1
Tue Aug 01 00:23:47 +0000 2017,19,9,235086193,"San Bernardino, CA",24693,218,331,1150,False,5461,1
Mon Jul 31 22:39:21 +0000 2017,31,19,235086193,"San Bernardino, CA",24693,218,331,1150,False,5461,1
Mon Jul 24 13:18:15 +0000 2017,0,17,235086193,"San Bernardino, CA",24693,218,331,1150,False,5461,1
Thu Jul 20 16:52:32 +0000 2017,24,13,235086193,"San Bernardino, CA",24693,218,331,1150,False,5461,1
Wed Jul 12 23:53:28 +0000 2017,17,10,235086193,"San Bernardino, CA",24693,218,331,1150,False,5461,1
Wed Jul 12 23:52:52 +0000 2017,17,13,235086193,"San Bernardino, CA",24693,218,331,1150,False,5461,1
Sun Jul 09 23:15:44 +0000 2017,35,15,235086193,"San Bernardino, CA",24693,218,331,1150,False,5461,1
Tue Jul 04 05:06:12 +0000 2017,0,11,235086193,"San Bernardino, CA",24693,218,331,1150,False,5461,1
Tue Aug 08 22:34:36 +0000 2017,0,2069,42962419,"San Francisco, CA",1081,1439,61,1422,False,4927,1
Wed Nov 01 23:35:17 +0000 2017,1,4,20008214,"Nashville, TN",229716,435,2011,1012,False,16070,1
Sat Oct 21 21:23:41 +0000 2017,3,2,47415772,"Washington, DC",14104,1934,658,2417,True,33649,1
Mon Oct 09 20:40:45 +0000 2017,2,1,15537855,"Washington, DC",23626,3119,767,778,True,16865,1
Fri Oct 20 22:49:18 +0000 2017,144,66,16908562,"Watkins Glen, NY",103200,8464,2063,3727,True,13278,1
Sat Oct 28 19:33:21 +0000 2017,0,44,486731383,"Philadelphia, PA",320955,18372,425,150916,True,6680,1
Tue Oct 24 16:49:43 +0000 2017,0,146,486731383,"Philadelphia, PA",320955,18372,425,150916,True,6680,1
Mon Oct 23 12:00:22 +0000 2017,5,9,27707080,"Newport Beach, California",239516,22,5661,28,True,6153,1
Sat Oct 21 07:00:08 +0000 2017,8,2,27707080,"Newport Beach, California",239516,22,5661,28,True,6153,1
Tue Oct 17 23:00:09 +0000 2017,13,3,27707080,"Newport Beach, California",239516,22,5661,28,True,6153,1
Thu Dec 08 17:16:26 +0000 2016,5429,1053,1180379185,"Baltimore, MD ",2727149,36,7807,87,True,3242,1
Tue Nov 01 16:12:21 +0000 2016,0,1502,1180379185,"Baltimore, MD ",2727149,36,7807,87,True,3242,1
Thu Sep 29 19:53:20 +0000 2016,1801,464,1180379185,"Baltimore, MD ",2727149,36,7807,87,True,3242,1
Mon Jul 25 22:00:08 +0000 2016,4694,1361,1180379185,"Baltimore, MD ",2727149,36,7807,87,True,3242,1
Wed Jul 20 02:15:43 +0000 2016,4648,814,1180379185,"Baltimore, MD ",2727149,36,7807,87,True,3242,1
Thu Jun 08 00:43:37 +0000 2017,1,0,149515116,"Cleveland, OH",53,118,1,57,False,51,1
Wed Jan 18 23:04:41 +0000 2017,0,170,30313925,"Washington, DC",13957458,232,65974,0,True,28392,1
Wed Jan 18 19:41:05 +0000 2017,7241,2420,30313925,"Washington, DC",13957458,232,65974,0,True,28392,1
Sun Jan 15 16:53:36 +0000 2017,11568,3385,30313925,"Washington, DC",13957458,232,65974,0,True,28392,1
Wed Jan 11 02:10:50 +0000 2017,2659,1212,30313925,"Washington, DC",13957458,232,65974,0,True,28392,1
Fri Sep 08 15:38:03 +0000 2017,0,3,227418209,New York City,7798,7499,338,1594,True,9438,1
Fri Aug 04 22:28:49 +0000 2017,0,2036,182464536,New York,487,581,49,494,False,553,1
Tue Nov 08 23:58:08 +0000 2016,0,46,182464536,New York,487,581,49,494,False,553,1
Mon Jun 26 12:24:52 +0000 2017,0,1,33792634,"New York, New York",777125,2190,7343,8992,True,3704,1
Thu Jun 08 13:20:16 +0000 2017,0,0,33792634,"New York, New York",777125,2190,7343,8992,True,3704,1
Mon Jul 24 20:49:59 +0000 2017,0,23,123470226,"Oakland, CA",4057,3874,172,1180,False,5513,1
Sat Sep 10 17:40:58 +0000 2016,10,6,115272795,"SF Bay Area, CA",602,120,27,230,False,210,1
Wed Dec 02 00:03:21 +0000 2015,0,1,115272795,"SF Bay Area, CA",602,120,27,230,False,210,1
Sun Nov 22 02:59:43 +0000 2015,2,1,115272795,"SF Bay Area, CA",602,120,27,230,False,210,1
Wed Jan 22 02:39:14 +0000 2014,0,0,115272795,"SF Bay Area, CA",602,120,27,230,False,210,1
Fri Oct 27 04:01:29 +0000 2017,1010,94,22685200,"Los Angeles, California",2826227,862,21324,6548,True,15409,1
Mon Oct 16 19:54:22 +0000 2017,122,10,22685200,"Los Angeles, California",2826227,862,21324,6548,True,15409,1
Thu Sep 21 21:05:36 +0000 2017,12,4,22685200,"Los Angeles, California",2826227,862,21324,6548,True,15409,1
Wed Aug 30 18:40:08 +0000 2017,30,15,22685200,"Los Angeles, California",2826227,862,21324,6548,True,15409,1
Mon Jul 24 16:36:17 +0000 2017,3,1,114497182,"San Francisco, CA",44959,5168,1003,982,True,9659,1
Wed May 17 01:15:43 +0000 2017,12,10,47694175,"Washington, D.C.",50103,238,1351,69,True,1822,1
Sun Mar 13 12:59:16 +0000 2016,0,1,47694175,"Washington, D.C.",50103,238,1351,69,True,1822,1
Fri Mar 11 01:53:22 +0000 2016,8,6,47694175,"Washington, D.C.",50103,238,1351,69,True,1822,1
Fri Feb 19 02:06:00 +0000 2016,2,2,47694175,"Washington, D.C.",50103,238,1351,69,True,1822,1
Tue Apr 11 12:30:13 +0000 2017,15,2,3297732366,"Atlanta, GA",411,249,36,522,False,237,1
Wed Mar 01 16:52:20 +0000 2017,0,1,3297732366,"Atlanta, GA",411,249,36,522,False,237,1
Tue Jan 24 16:10:33 +0000 2017,11,0,3297732366,"Atlanta, GA",411,249,36,522,False,237,1
Tue Aug 23 01:52:18 +0000 2016,0,4,3297732366,"Atlanta, GA",411,249,36,522,False,237,1
Thu Nov 02 14:27:27 +0000 2017,1,0,3161619087,"Kentucky, USA",145,529,0,1472,False,780,1
Wed Sep 14 14:19:27 +0000 2016,2,3,36106011,New York,2601,387,126,511,False,450,1
Thu Nov 02 17:11:25 +0000 2017,0,135,11744152,"New York, NY",187709,17710,2889,28767,True,63837,1
Wed Nov 01 14:39:17 +0000 2017,0,162,11744152,"New York, NY",187709,17710,2889,28767,True,63837,1
Wed Nov 01 02:15:19 +0000 2017,302,103,11744152,"New York, NY",187709,17710,2889,28767,True,63837,1
Sat Oct 28 02:00:51 +0000 2017,123,4,27628334,"Los Angeles, CA",61181,1443,1380,67938,True,9767,1
Wed Oct 11 16:03:25 +0000 2017,536,51,27628334,"Los Angeles, CA",61181,1443,1380,67938,True,9767,1
Wed Apr 19 23:13:08 +0000 2017,0,6,40076262,"Atlanta, GA",823,546,42,881,False,2197,1
Fri May 14 22:10:26 +0000 2010,0,0,50619757,"Seattle, WA",151,61,10,0,False,33,1
Mon Nov 09 01:11:18 +0000 2009,0,0,50619757,"Seattle, WA",151,61,10,0,False,33,1
Thu Nov 02 19:29:15 +0000 2017,1,1,523192452,Washington,17006,14448,632,46773,False,27389,1
Thu Nov 02 04:32:22 +0000 2017,0,72,523192452,Washington,17006,14448,632,46773,False,27389,1
Mon May 08 16:04:47 +0000 2017,3,3,85686359,"Albuquerque, NM",8399,4,258,1,False,1488,1
Mon Apr 21 13:30:05 +0000 2014,0,0,18058118,"Los Angeles, CA",5363,237,291,0,False,12625,1
Wed Oct 11 18:00:51 +0000 2017,0,325,148529707,"Berkeley, CA",516170,193,9880,48,True,7070,1
Tue Oct 03 16:39:20 +0000 2017,1644,553,148529707,"Berkeley, CA",516170,193,9880,48,True,7070,1
Sat Jul 01 00:01:36 +0000 2017,0,22,21251668,"Washington, DC",38043,3990,1116,3282,True,8405,1
Thu Jun 08 14:56:46 +0000 2017,70,26,21251668,"Washington, DC",38043,3990,1116,3282,True,8405,1
Thu Jun 08 14:52:58 +0000 2017,164,63,21251668,"Washington, DC",38043,3990,1116,3282,True,8405,1
Thu Sep 29 22:33:35 +0000 2016,4,0,133306992,"Washington, D.C.",888,313,27,200,False,176,1
Wed Oct 07 14:43:04 +0000 2015,4,1,133306992,"Washington, D.C.",888,313,27,200,False,176,1
Tue Jun 23 21:05:46 +0000 2015,0,2,133306992,"Washington, D.C.",888,313,27,200,False,176,1
Fri May 15 11:04:00 +0000 2015,0,0,133306992,"Washington, D.C.",888,313,27,200,False,176,1
Thu Oct 02 18:35:12 +0000 2014,1,0,133306992,"Washington, D.C.",888,313,27,200,False,176,1
Sat Apr 22 04:34:27 +0000 2017,2,0,16690129,"Live in LA, but I rep the IE*",5863,525,41,352,False,5806,1
Fri Apr 29 20:45:50 +0000 2016,1,0,16690129,"Live in LA, but I rep the IE*",5863,525,41,352,False,5806,1
Thu Nov 02 12:35:41 +0000 2017,34,11,56052405,"Tyler, TX",10275,1786,506,9972,True,14409,1
Wed Nov 01 17:09:17 +0000 2017,0,2074,56052405,"Tyler, TX",10275,1786,506,9972,True,14409,1
Fri Oct 20 12:29:32 +0000 2017,2,0,56052405,"Tyler, TX",10275,1786,506,9972,True,14409,1
Wed Oct 18 18:29:54 +0000 2017,0,34,56052405,"Tyler, TX",10275,1786,506,9972,True,14409,1
Sat Sep 30 14:40:27 +0000 2017,0,10,56052405,"Tyler, TX",10275,1786,506,9972,True,14409,1
Fri Sep 01 20:41:28 +0000 2017,8,6,40073452,"Los Angeles, CA",1670,181,56,1862,False,1053,1
Wed Aug 16 18:53:26 +0000 2017,3,0,40073452,"Los Angeles, CA",1670,181,56,1862,False,1053,1
Thu Jun 23 20:28:04 +0000 2016,2,0,110904158,New York,252,298,14,173,False,233,1
Thu Jun 23 13:19:18 +0000 2016,0,4,110904158,New York,252,298,14,173,False,233,1
Mon Jul 03 00:22:03 +0000 2017,2,0,133100000,"New York, NY",3834,1767,103,1055,True,4934,1
Thu Jun 08 14:43:32 +0000 2017,0,1,133100000,"New York, NY",3834,1767,103,1055,True,4934,1
Wed Jan 18 22:55:56 +0000 2017,759,170,249722522,"Washington, DC",56250,384,1101,16,True,1900,1
Sat Dec 24 00:48:44 +0000 2016,0,262,249722522,"Washington, DC",56250,384,1101,16,True,1900,1
Wed Oct 26 21:52:48 +0000 2016,46,38,249722522,"Washington, DC",56250,384,1101,16,True,1900,1
Fri Oct 14 14:07:21 +0000 2016,0,109,249722522,"Washington, DC",56250,384,1101,16,True,1900,1
Wed Sep 28 16:05:17 +0000 2016,0,2359,249722522,"Washington, DC",56250,384,1101,16,True,1900,1
Mon Sep 26 17:51:21 +0000 2016,0,343,249722522,"Washington, DC",56250,384,1101,16,True,1900,1
Sat Oct 21 15:13:06 +0000 2017,37,4,389038362,Arizona,866417,290,3856,4616,True,34641,1
Tue Jun 27 20:01:21 +0000 2017,0,20,18037154,"San Francisco, CA",5820,766,537,1414,True,4225,1
Thu Oct 20 01:36:47 +0000 2016,216,211,1071777608,"Brooklyn, NY",187233,214,2195,14,True,1777,1
Wed Feb 15 15:21:58 +0000 2017,2,1,334703496,Washington DC,2820,1196,202,439,False,2909,1
Fri Aug 07 16:55:32 +0000 2015,0,21,19024308,"Nashville, TN",111955,8,1595,28,True,465,1
Fri Oct 27 01:19:14 +0000 2017,76,14,248735463,"Washington, DC and Oakland, CA",160075,16426,2590,2948,True,6875,1
Wed Oct 18 00:14:00 +0000 2017,251,55,248735463,"Washington, DC and Oakland, CA",160075,16426,2590,2948,True,6875,1
Tue Oct 03 23:13:22 +0000 2017,56,29,248735463,"Washington, DC and Oakland, CA",160075,16426,2590,2948,True,6875,1
Mon May 20 23:01:01 +0000 2013,0,0,631325344,"Lansing,MI",178,408,2,18,False,510,1
Wed Nov 01 05:45:06 +0000 2017,0,30716,4770206056,"Michigan, USA",258,165,0,6246,False,3511,1
Sat Oct 14 13:10:14 +0000 2017,0,2,37605443,Washington DC,24767,429,791,3669,True,683,1
Mon Oct 30 19:00:48 +0000 2017,2,4,166219963,"Washington, DC",7611,1045,315,1394,True,10422,1
Thu Oct 19 15:05:00 +0000 2017,1,0,166219963,"Washington, DC",7611,1045,315,1394,True,10422,1
Thu Oct 12 00:23:02 +0000 2017,4,0,166219963,"Washington, DC",7611,1045,315,1394,True,10422,1
Wed Oct 11 16:38:19 +0000 2017,0,11,166219963,"Washington, DC",7611,1045,315,1394,True,10422,1
Tue Oct 10 23:32:34 +0000 2017,3,0,166219963,"Washington, DC",7611,1045,315,1394,True,10422,1
Wed Sep 20 15:45:29 +0000 2017,4,1,166219963,"Washington, DC",7611,1045,315,1394,True,10422,1
Fri Sep 15 19:39:21 +0000 2017,5,4,38048560,"Washington, D.C.",48080,21161,1250,4856,True,8843,1
Fri Apr 17 05:17:00 +0000 2009,0,0,19567890,"San Francisco, CA",1678,2056,66,5,False,58,1
Tue Jan 27 19:24:08 +0000 2009,0,0,19567890,"San Francisco, CA",1678,2056,66,5,False,58,1
Thu Oct 12 17:15:44 +0000 2017,0,121,437625094,"Washington, DC",9795,2331,306,1158,True,9588,1
Sat Oct 14 18:49:42 +0000 2017,0,176,232533219,NY,5996,1029,141,17916,True,4497,1
Wed Aug 16 17:32:41 +0000 2017,3,2,126037106,"Nashville, TN",1668,1153,46,115,False,3815,1
Thu Apr 27 18:59:28 +0000 2017,1,1,126037106,"Nashville, TN",1668,1153,46,115,False,3815,1
Thu Apr 20 19:13:19 +0000 2017,0,0,126037106,"Nashville, TN",1668,1153,46,115,False,3815,1
Tue Apr 11 16:37:44 +0000 2017,0,1,126037106,"Nashville, TN",1668,1153,46,115,False,3815,1
Wed Oct 25 11:33:32 +0000 2017,3,1,35234909,"Cambridge, MA",321,188,21,85,False,172,1
Fri Sep 11 16:06:08 +0000 2015,2,0,35234909,"Cambridge, MA",321,188,21,85,False,172,1
Wed May 20 15:57:11 +0000 2015,2,0,35234909,"Cambridge, MA",321,188,21,85,False,172,1
Wed Nov 12 17:06:18 +0000 2014,2,0,35234909,"Cambridge, MA",321,188,21,85,False,172,1
Thu Oct 26 15:06:10 +0000 2017,12,27,21316253,"Washington, DC",203903,5468,3835,37,True,162831,1
Wed Oct 04 03:09:24 +0000 2017,0,1347,245515069,"Ann Arbor, MI",2237,692,30,70,False,978,1
Fri Oct 21 00:02:15 +0000 2016,0,0,245515069,"Ann Arbor, MI",2237,692,30,70,False,978,1
Wed Aug 31 02:48:25 +0000 2016,2142,704,245515069,"Ann Arbor, MI",2237,692,30,70,False,978,1
Wed Nov 01 19:02:35 +0000 2017,0,1059,11866582,"Ann Arbor, Michigan",353985,9260,7079,44121,False,207366,1
Tue Dec 06 17:31:40 +0000 2016,8,8,43393110,"New York, NY",9369,4,374,0,False,5062,1
Wed Oct 11 01:41:44 +0000 2017,0,2033,17869798,"Washington, DC",13140,1357,537,752,True,3040,1
Sat Dec 17 04:13:50 +0000 2016,7,5,251379913,NYC,15294,179,677,419,False,4994,1
Wed Nov 30 16:48:53 +0000 2016,1,0,251379913,NYC,15294,179,677,419,False,4994,1
Mon May 16 22:02:24 +0000 2016,1,0,251379913,NYC,15294,179,677,419,False,4994,1
Sun Oct 15 16:29:44 +0000 2017,0,1,16569310,"Chicago, IL",4743,935,324,2621,False,5480,1
Wed Oct 11 18:23:34 +0000 2017,0,9,16569310,"Chicago, IL",4743,935,324,2621,False,5480,1
Thu Nov 02 19:16:20 +0000 2017,12,8,352526493,"West Palm Beach, FL",112721,84748,1430,28676,False,64686,1
Thu Nov 02 11:19:20 +0000 2017,9,4,352526493,"West Palm Beach, FL",112721,84748,1430,28676,False,64686,1
Wed Nov 01 19:16:24 +0000 2017,4,3,352526493,"West Palm Beach, FL",112721,84748,1430,28676,False,64686,1
Tue Oct 31 23:14:20 +0000 2017,5,4,352526493,"West Palm Beach, FL",112721,84748,1430,28676,False,64686,1
Sun Oct 29 22:40:32 +0000 2017,74,46,352526493,"West Palm Beach, FL",112721,84748,1430,28676,False,64686,1
Sun Oct 29 18:08:24 +0000 2017,8,8,352526493,"West Palm Beach, FL",112721,84748,1430,28676,False,64686,1
Fri Oct 13 00:31:37 +0000 2017,0,101903,122226401,"Washington, DC ",104434,1007,1515,29720,True,33397,1
Wed Nov 01 20:04:16 +0000 2017,5,1,63781564,New York,64011,1444,1080,379,True,18513,1
Mon Oct 30 17:23:05 +0000 2017,2,0,63781564,New York,64011,1444,1080,379,True,18513,1
Thu Jun 01 22:37:33 +0000 2017,11197,2481,100220864,"Los Angeles, CA",36703804,109,37253,176,True,4057,1
Sat Oct 07 09:56:43 +0000 2017,0,9,461219840,"Falls Church, VA",8043,1940,204,984,False,5162,1
Mon Sep 25 21:29:44 +0000 2017,0,2,334398086,"New York, NY",1241,250,65,302,False,2361,1
Tue Jul 11 18:01:30 +0000 2017,2,3,334398086,"New York, NY",1241,250,65,302,False,2361,1
Thu Oct 12 23:49:12 +0000 2017,0,2,22195472,New York,4621,1258,151,827,False,3163,1
Fri Oct 06 01:46:08 +0000 2017,0,176,22195472,New York,4621,1258,151,827,False,3163,1
Sat Jul 29 20:38:14 +0000 2017,1,0,22195472,New York,4621,1258,151,827,False,3163,1
Mon Jul 03 14:58:52 +0000 2017,0,569,22195472,New York,4621,1258,151,827,False,3163,1
Tue Jun 13 15:30:31 +0000 2017,1,1,22195472,New York,4621,1258,151,827,False,3163,1
Sun Oct 29 15:35:22 +0000 2017,2,0,14476328,"New York, NY",11901,949,592,3198,True,10413,1
Sat Oct 28 18:23:03 +0000 2017,1,0,14476328,"New York, NY",11901,949,592,3198,True,10413,1
Tue Oct 24 15:06:28 +0000 2017,0,0,14476328,"New York, NY",11901,949,592,3198,True,10413,1
Tue Oct 24 15:06:14 +0000 2017,0,0,14476328,"New York, NY",11901,949,592,3198,True,10413,1
Tue Oct 24 14:40:15 +0000 2017,1,0,14476328,"New York, NY",11901,949,592,3198,True,10413,1
Thu Aug 24 13:51:41 +0000 2017,0,11,131351549,"New York, NY",452507,596,7030,1094,True,5464,1
Mon Oct 23 02:00:02 +0000 2017,905,262,27368199,"Silver Spring, MD",1769462,672,5208,91,True,26414,1
Fri Oct 20 04:00:05 +0000 2017,1089,433,27368199,"Silver Spring, MD",1769462,672,5208,91,True,26414,1
Mon Feb 29 14:42:50 +0000 2016,0,7,114085676,Florida,1268,1775,47,870,False,4493,1
Fri Jun 12 12:53:26 +0000 2015,0,6,114085676,Florida,1268,1775,47,870,False,4493,1
Mon Dec 08 19:27:31 +0000 2014,0,9,114085676,Florida,1268,1775,47,870,False,4493,1
Sun Oct 22 19:24:02 +0000 2017,0,0,2941121725,"2137 Hwy 6 S Houston, TX 77077",625,1901,14,1991,False,1007,1
Thu Aug 24 16:01:51 +0000 2017,0,1,2941121725,"2137 Hwy 6 S Houston, TX 77077",625,1901,14,1991,False,1007,1
Fri Oct 20 19:20:29 +0000 2017,0,10,111622423,"Washington, DC ",508,191,60,177,False,910,1
Tue Jul 25 02:15:30 +0000 2017,0,1656,111622423,"Washington, DC ",508,191,60,177,False,910,1
Fri Sep 29 13:26:35 +0000 2017,0,7,14353742,"Boston, MA",11209,1158,267,131,False,12380,1
Sun Feb 26 18:57:09 +0000 2017,0,5,14353742,"Boston, MA",11209,1158,267,131,False,12380,1
Tue Feb 14 16:59:31 +0000 2017,0,4,14353742,"Boston, MA",11209,1158,267,131,False,12380,1
Sun Jan 29 15:10:51 +0000 2017,0,2,14353742,"Boston, MA",11209,1158,267,131,False,12380,1
Sun Jan 29 11:33:21 +0000 2017,0,65,14353742,"Boston, MA",11209,1158,267,131,False,12380,1
Mon Oct 30 11:55:06 +0000 2017,0,0,72653278," Kennesaw, GA",1184,2298,35,3272,False,11526,1
Sun Oct 15 22:19:49 +0000 2017,0,0,72653278," Kennesaw, GA",1184,2298,35,3272,False,11526,1
Thu Sep 28 13:43:05 +0000 2017,1,1,233696188,"Washington, DC",16045,1518,576,135,True,1762,1
Tue Sep 19 13:55:36 +0000 2017,0,1,233696188,"Washington, DC",16045,1518,576,135,True,1762,1
Thu Jun 29 13:46:20 +0000 2017,1,1,233696188,"Washington, DC",16045,1518,576,135,True,1762,1
Sun Oct 29 21:31:17 +0000 2017,0,0,15829680,"Chicago, NYC, SF",3705,1488,337,4983,False,101710,1
Thu Oct 26 19:16:13 +0000 2017,0,3266,15829680,"Chicago, NYC, SF",3705,1488,337,4983,False,101710,1
Wed Aug 24 02:41:40 +0000 2016,44,46,47348884,"Washington, D.C. ",39968,860,1406,4,True,1601,1
Tue Oct 24 15:03:07 +0000 2017,0,266,818910970567344128,"Washington, D.C.",4817479,9,5779,4,True,2733,1
Wed Oct 18 22:02:27 +0000 2017,4281,855,818910970567344128,"Washington, D.C.",4817479,9,5779,4,True,2733,1
Wed Oct 25 20:03:12 +0000 2017,5,5,26778110,Eastern North Carolina,22367,495,1193,282,True,2092,1
Wed Oct 25 14:45:54 +0000 2017,4,4,26778110,Eastern North Carolina,22367,495,1193,282,True,2092,1
Fri Oct 06 01:38:56 +0000 2017,3,0,48388417,"Washington, DC",8633,426,409,8,False,10921,1
Tue Oct 31 19:08:03 +0000 2017,0,0,25153138,"Arizona, USA",3681,4175,70,638,False,14741,1
Thu Nov 02 04:42:40 +0000 2017,0,1,15830817,"Spokane, WA",805,642,62,831,False,11030,1
Mon Oct 09 05:14:57 +0000 2017,0,0,15830817,"Spokane, WA",805,642,62,831,False,11030,1
Fri Apr 08 22:07:06 +0000 2016,9,1,23976316,"Irving and Washington, D.C.",21844,2154,1232,63,True,5007,1
Wed Aug 05 17:19:16 +0000 2015,0,0,166403365,Atlanta/California /New York,472,488,12,17,False,2739,1
Thu Dec 29 05:47:32 +0000 2016,0,3,868944560,"East Lansing, MI",373,218,1,3603,False,2406,1
Wed Oct 18 19:11:05 +0000 2017,8,15,79320096,"New York, NY",911610,302,2962,1881,True,14699,1
Mon Oct 02 18:59:00 +0000 2017,30,26,79320096,"New York, NY",911610,302,2962,1881,True,14699,1
Sat Sep 30 19:34:00 +0000 2017,795,447,79320096,"New York, NY",911610,302,2962,1881,True,14699,1
Mon Sep 25 19:29:00 +0000 2017,33,12,79320096,"New York, NY",911610,302,2962,1881,True,14699,1
Wed Oct 11 12:31:50 +0000 2017,2,0,253791413,Washington D.C.,2610,615,93,6323,True,6655,1
Sat Oct 07 14:22:31 +0000 2017,1,0,253791413,Washington D.C.,2610,615,93,6323,True,6655,1
Thu Oct 05 03:00:43 +0000 2017,4,1,253791413,Washington D.C.,2610,615,93,6323,True,6655,1
Mon Jan 16 01:02:44 +0000 2017,88,10,42267429,New York City,61579,1443,888,3682,True,2175,1
Wed Aug 10 21:56:11 +0000 2016,0,305,747503056925900801,"Kansas City, MO",81,126,0,197,False,63,1
Tue Aug 29 21:30:06 +0000 2017,2,3,135265904,"Atlanta, GA",31038,178,660,366,True,5655,1
Mon Aug 28 12:34:55 +0000 2017,4,3,135265904,"Atlanta, GA",31038,178,660,366,True,5655,1
Mon Jul 24 17:21:37 +0000 2017,3,2,135265904,"Atlanta, GA",31038,178,660,366,True,5655,1
Thu Oct 12 20:49:11 +0000 2017,14,11,20648828,"Kern County, California",10024,69,255,22,False,3912,1
Thu Aug 24 23:42:10 +0000 2017,0,4,20648828,"Kern County, California",10024,69,255,22,False,3912,1
Fri May 12 14:34:30 +0000 2017,9,5,20648828,"Kern County, California",10024,69,255,22,False,3912,1
Tue Nov 01 21:29:36 +0000 2016,2,3,20648828,"Kern County, California",10024,69,255,22,False,3912,1
Tue Aug 30 03:52:32 +0000 2016,10,3,20648828,"Kern County, California",10024,69,255,22,False,3912,1
Thu Oct 19 12:31:04 +0000 2017,5,0,26462959,NYC,157949,377,528,15685,True,20087,1
Tue May 02 03:52:23 +0000 2017,1,0,14148390,Greenpoint NYC,3806,405,240,6381,False,2037,1
Wed Nov 01 02:50:04 +0000 2017,7,3,151106990,"Washington, DC",311088,4351,6613,294,True,68662,1
Tue Oct 31 23:00:06 +0000 2017,15,9,151106990,"Washington, DC",311088,4351,6613,294,True,68662,1
Sun Oct 29 09:00:03 +0000 2017,5,6,151106990,"Washington, DC",311088,4351,6613,294,True,68662,1
Thu Sep 21 13:18:06 +0000 2017,0,44,413223602,"Washington, DC",20683,840,733,88,True,2219,1
Thu Sep 07 15:55:25 +0000 2017,0,5,413223602,"Washington, DC",20683,840,733,88,True,2219,1
Fri Jul 28 15:25:33 +0000 2017,0,16,413223602,"Washington, DC",20683,840,733,88,True,2219,1
Fri Jul 14 17:24:37 +0000 2017,3,5,413223602,"Washington, DC",20683,840,733,88,True,2219,1
Mon Dec 05 23:11:20 +0000 2016,0,0,252705519,"Northern Virginia, USA",805,1840,29,6,False,7519,1
Fri Nov 18 19:18:33 +0000 2016,0,0,252705519,"Northern Virginia, USA",805,1840,29,6,False,7519,1
Wed Nov 16 14:34:17 +0000 2016,0,1,252705519,"Northern Virginia, USA",805,1840,29,6,False,7519,1
Wed Nov 09 16:29:13 +0000 2016,0,0,252705519,"Northern Virginia, USA",805,1840,29,6,False,7519,1
Thu Oct 19 13:41:51 +0000 2017,0,6,567360618,"Cambridge, MA",243958,361,4900,5386,True,7446,1
Thu Oct 12 03:15:18 +0000 2017,9,1,539740404,"California, USA",1572,360,5,5507,False,3868,1
Fri Jun 30 19:23:49 +0000 2017,3,0,61585965,"Washington, D.C.",5224,2901,156,1198,False,7204,1
Thu Apr 06 14:03:47 +0000 2017,0,0,61585965,"Washington, D.C.",5224,2901,156,1198,False,7204,1
Wed Apr 05 14:05:38 +0000 2017,5,1,61585965,"Washington, D.C.",5224,2901,156,1198,False,7204,1
Thu Aug 13 19:42:27 +0000 2015,1,0,177818504,"Los Angeles, CA ",53107,3042,319,3233,True,8195,1
Mon Dec 28 16:31:49 +0000 2015,1,0,521409046,"Lake Geneva, WI",1870,576,14,184,False,3985,1
Sat Nov 07 15:27:31 +0000 2015,1,0,521409046,"Lake Geneva, WI",1870,576,14,184,False,3985,1
Wed Oct 25 23:39:04 +0000 2017,0,1061,135515077,"Washington, DC",20293,1378,932,1005,True,20551,1
Wed Oct 25 17:40:55 +0000 2017,226,50,757303975,"New York, NY",2049585,528,9142,3150,True,9507,1
Sat Oct 21 16:18:14 +0000 2017,0,7442,757303975,"New York, NY",2049585,528,9142,3150,True,9507,1
Thu Oct 19 20:37:24 +0000 2017,5899,2919,757303975,"New York, NY",2049585,528,9142,3150,True,9507,1
Wed Oct 18 20:57:55 +0000 2017,447,84,757303975,"New York, NY",2049585,528,9142,3150,True,9507,1
Mon Jun 05 19:01:30 +0000 2017,1,0,1535376157,"Dallas, TX",794,1241,44,4660,False,1181,1
Tue Oct 31 13:00:01 +0000 2017,1,2,287859136,"Mountain View, CA, USA",13082,3235,814,2639,False,59523,1
Tue Oct 31 08:00:03 +0000 2017,0,0,287859136,"Mountain View, CA, USA",13082,3235,814,2639,False,59523,1
Mon Oct 30 22:00:03 +0000 2017,0,1,287859136,"Mountain View, CA, USA",13082,3235,814,2639,False,59523,1
Tue Jan 24 15:17:15 +0000 2017,0,7,278093318,"New York, NY",96822,1580,1569,14637,True,63016,1
Thu Oct 12 23:32:33 +0000 2017,5,1,152375635,"New Orleans, LA",2645,966,7,23363,False,37048,1
Sat Jul 23 00:13:27 +0000 2016,0,112,28207925,"Fort Worth, Texas",320,1006,18,139,False,653,1
Sat Jan 28 07:16:09 +0000 2017,0,0,19836954,New Mexico,2423,1799,132,4,False,2159,1
Sat Dec 10 18:13:20 +0000 2016,0,0,19836954,New Mexico,2423,1799,132,4,False,2159,1
Fri Oct 27 13:44:34 +0000 2017,117,16,214622133,Indiana -- Brooklyn -- Wakanda,107269,1345,1396,16029,True,104009,1
Mon Oct 23 19:04:01 +0000 2017,0,3,373551099,"Washington, D.C.",2825,2333,176,44,False,13058,1
Sun Aug 06 21:38:33 +0000 2017,0,70,18903194,"Washington, DC",2701,2044,87,1614,False,5891,1
Mon Jul 24 10:05:06 +0000 2017,7,1,18903194,"Washington, DC",2701,2044,87,1614,False,5891,1
Mon Jun 12 02:08:14 +0000 2017,0,16272,18903194,"Washington, DC",2701,2044,87,1614,False,5891,1
Thu May 25 01:25:12 +0000 2017,2,3,18903194,"Washington, DC",2701,2044,87,1614,False,5891,1
Tue Jan 10 13:03:51 +0000 2017,10,1,6112442,"Washington, DC",7578,2746,426,176,False,1802,1
Sat Sep 16 13:12:25 +0000 2017,0,1172940,522690487,C.A.lifornia (LA||IE||LB||SD),85,242,1,304,False,3164,1
Thu Oct 05 21:00:42 +0000 2017,0,0,15664289,Iowa and beyond,10221,1990,568,3,False,3285,1
Wed Jul 19 20:50:10 +0000 2017,3,6,15664289,Iowa and beyond,10221,1990,568,3,False,3285,1
Wed Jun 07 18:06:03 +0000 2017,0,2,15664289,Iowa and beyond,10221,1990,568,3,False,3285,1
Thu Sep 07 20:35:37 +0000 2017,2,11,2421045126,"Washington, DC",3870,136,121,34,False,361,1
Thu Jul 13 18:42:34 +0000 2017,3,3,2421045126,"Washington, DC",3870,136,121,34,False,361,1
Wed Oct 25 15:52:31 +0000 2017,0,579,124490608,"Washington DC, P.R., Bogota",41748,1036,641,357,True,30816,1
Tue Oct 10 16:38:16 +0000 2017,104,24,16581604,New York City,2097079,427,11580,440,True,10022,1
Thu Sep 28 16:47:43 +0000 2017,163,56,16581604,New York City,2097079,427,11580,440,True,10022,1
Tue Sep 19 19:37:04 +0000 2017,55,19,16581604,New York City,2097079,427,11580,440,True,10022,1
Sun Jul 09 00:42:32 +0000 2017,0,36424,584147918,"Los Angeles, CA",520,235,5,16170,False,6754,1
Sat Oct 28 20:08:45 +0000 2017,1,0,62847380,"Atlanta, GA",1410,578,74,13495,False,15215,1
Tue Oct 31 15:28:11 +0000 2017,19,0,52521572,"Miami Beach, FL",35607,521,1281,1539,True,18736,1
Thu Oct 05 14:45:51 +0000 2017,0,4,201882918,"Sacramento, CA",79798,7412,2382,253,True,2942,1
Thu Oct 26 15:30:49 +0000 2017,1,1,257959346,"Washington, DC",24264,2031,513,1891,True,14312,1
Sat Jan 23 21:30:13 +0000 2016,0,0,2905958627,"Los Angeles, CA",7699,10337,31,15,False,2335,1
Sun Jan 10 20:30:24 +0000 2016,0,0,2905958627,"Los Angeles, CA",7699,10337,31,15,False,2335,1
Sat Jul 29 15:42:40 +0000 2017,0,1,14275562,"Brooklyn, NY",40443,723,1528,1214,True,43958,1
Thu Sep 07 15:00:15 +0000 2017,3,2,637337050,"Newport Beach, California",7619,742,114,619,False,1786,1
Wed Jun 21 02:37:52 +0000 2017,0,0,637337050,"Newport Beach, California",7619,742,114,619,False,1786,1
Wed Oct 11 13:21:29 +0000 2017,0,4,15607662,"Oakland, CA",2299,1040,109,2376,False,2228,1
Fri Sep 29 13:03:12 +0000 2017,0,3,15607662,"Oakland, CA",2299,1040,109,2376,False,2228,1
Wed Aug 16 18:29:39 +0000 2017,0,16028,15607662,"Oakland, CA",2299,1040,109,2376,False,2228,1
Thu Oct 26 21:27:29 +0000 2017,0,248,18812301,"New York, NY",1798235,3181,12622,4750,True,32306,1
Wed Feb 17 16:44:45 +0000 2016,2,0,152325558,Kansas,806,129,36,36,False,1169,1
Fri May 01 18:44:51 +0000 2015,0,0,152325558,Kansas,806,129,36,36,False,1169,1
Sun Oct 29 21:42:57 +0000 2017,190,69,1344951,San Francisco/New York,9759438,310,90184,1740,True,84385,1
Mon Oct 23 21:09:23 +0000 2017,15094,4926,16874875,"Austin, Texas",178774,449,1295,1799,True,15983,1
Tue Sep 29 18:16:45 +0000 2015,0,4,25533258,"Denver, Colorado",985,436,56,78,False,700,1
Tue Oct 24 14:54:46 +0000 2017,20,9,99349334,"Washington, DC",28018,92,797,100,False,3185,1
Sun Jul 23 22:34:44 +0000 2017,4,3,99349334,"Washington, DC",28018,92,797,100,False,3185,1
Thu Oct 05 19:07:26 +0000 2017,103,184,19734832,"Washington, DC",112963,1162,3569,4096,True,18672,1
Thu Oct 05 19:06:53 +0000 2017,653,1262,19734832,"Washington, DC",112963,1162,3569,4096,True,18672,1
Fri Oct 20 18:28:44 +0000 2017,0,4,114756202,"Washington, D.C.",28374,1035,1240,177,True,11593,1
Wed Oct 11 18:58:17 +0000 2017,0,2,114756202,"Washington, D.C.",28374,1035,1240,177,True,11593,1
Tue Oct 03 14:20:04 +0000 2017,5,2,114756202,"Washington, D.C.",28374,1035,1240,177,True,11593,1
Sat Jan 16 13:44:02 +0000 2016,178,90,46598192,New York City,337878,3418,4495,12299,False,26294,1
Tue Sep 09 16:00:13 +0000 2014,0,3,10102032,"Clive, IA",10629,1199,714,31,True,1348,1
Thu Aug 03 22:51:51 +0000 2017,0,1197,764115839385608192,"Custer, MI",328,498,0,6133,False,889,1
Wed Sep 06 13:10:21 +0000 2017,0,1,1566007854,"Cincinnati, OH",2894,1003,75,639,False,2526,1
Mon Jul 17 15:53:15 +0000 2017,0,1,1566007854,"Cincinnati, OH",2894,1003,75,639,False,2526,1
Mon Oct 23 15:24:37 +0000 2017,0,14,13148382,"NYC, Sometimes.",11351,3881,887,9332,True,99847,1
Mon Oct 23 13:12:23 +0000 2017,0,604,13148382,"NYC, Sometimes.",11351,3881,887,9332,True,99847,1
Sun Oct 22 17:46:14 +0000 2017,0,92,13148382,"NYC, Sometimes.",11351,3881,887,9332,True,99847,1
Mon May 01 22:25:51 +0000 2017,7,5,44674859,"Tucson, Arizona",5848,91,110,24,False,1281,1
Mon Jul 31 00:28:42 +0000 2017,0,13,588593821,"Salt Lake City, UT",1991,226,81,168,False,1497,1
Mon Sep 18 21:08:57 +0000 2017,0,492,605828823,"Winston-Salem, NC ",155864,138172,139,1343,False,21977,1
Sun Sep 17 04:51:02 +0000 2017,287,492,605828823,"Winston-Salem, NC ",155864,138172,139,1343,False,21977,1
Thu Aug 24 04:24:28 +0000 2017,135,240,605828823,"Winston-Salem, NC ",155864,138172,139,1343,False,21977,1
Tue Sep 26 16:31:18 +0000 2017,1,0,30857540,"Atlanta, Georgia",55086,147,1518,63,True,9496,1
Tue Oct 31 22:56:04 +0000 2017,13,0,2344563715,"Freeport, TX",62960,469,245,7205,False,6461,1
Sun Oct 29 20:01:34 +0000 2017,188,3,2344563715,"Freeport, TX",62960,469,245,7205,False,6461,1
Mon Oct 23 20:16:37 +0000 2017,0,753,2344563715,"Freeport, TX",62960,469,245,7205,False,6461,1
Tue Oct 03 19:47:15 +0000 2017,1025,228,72198806,New York,714111,502,7168,289,True,15151,1
Thu Oct 19 04:27:14 +0000 2017,0,0,11180212,"Boston, Washington",71920,3136,2472,868,True,9433,1
Tue Aug 29 21:39:56 +0000 2017,1,0,11180212,"Boston, Washington",71920,3136,2472,868,True,9433,1
Thu Oct 19 10:36:19 +0000 2017,3,3,156768711,"Washington, D.C.",19100,4860,647,3005,True,17047,1
Wed Oct 18 15:52:01 +0000 2017,0,17,156768711,"Washington, D.C.",19100,4860,647,3005,True,17047,1
Mon Oct 16 17:28:03 +0000 2017,1,0,156768711,"Washington, D.C.",19100,4860,647,3005,True,17047,1
Fri Mar 17 23:45:35 +0000 2017,0,2,19139193,"New York, NY",552934,524,4811,10035,True,29330,1
Tue Nov 08 12:32:41 +0000 2016,0,6,19139193,"New York, NY",552934,524,4811,10035,True,29330,1
Thu Jan 05 21:15:12 +0000 2017,0,215,20733972,"Kenosha, WI and Washington, DC",945032,368,6866,26,True,10683,1
Wed Jan 04 21:06:44 +0000 2017,1602,333,20733972,"Kenosha, WI and Washington, DC",945032,368,6866,26,True,10683,1
Mon Dec 19 22:37:31 +0000 2016,12338,3517,20733972,"Kenosha, WI and Washington, DC",945032,368,6866,26,True,10683,1
Sat Oct 14 18:44:29 +0000 2017,1895,90,71871809,"Los Angeles, CA",83500,186,419,5650,True,4326,1
Sun Oct 01 01:53:23 +0000 2017,33,0,71871809,"Los Angeles, CA",83500,186,419,5650,True,4326,1
Sat Sep 23 13:09:46 +0000 2017,426,14,71871809,"Los Angeles, CA",83500,186,419,5650,True,4326,1
Mon Oct 02 18:54:07 +0000 2017,2,1,7684882,"Washington, D.C.",86749,481,3730,2,True,10584,1
Fri Oct 27 15:40:02 +0000 2017,68,21,18297948," Washington, D.C.",7445,937,442,441,True,17876,1
Tue Oct 24 11:55:07 +0000 2017,0,20,18297948," Washington, D.C.",7445,937,442,441,True,17876,1
Tue Sep 12 12:20:14 +0000 2017,5,0,23630483,"Washington, DC",28853,1422,666,1521,False,9103,1
Thu Jul 06 15:33:01 +0000 2017,5,0,23630483,"Washington, DC",28853,1422,666,1521,False,9103,1
Fri Oct 06 01:38:39 +0000 2017,0,93310,712069153587384320,"Ludington, MI",212,173,0,1686,False,1662,1
Tue Sep 05 04:25:09 +0000 2017,11,0,712069153587384320,"Ludington, MI",212,173,0,1686,False,1662,1
Sun Oct 22 09:11:25 +0000 2017,2,0,55029388,"Northridge, CA (SoCal!)",7587,531,38,9877,False,2463,1
Sat Sep 30 06:18:56 +0000 2017,1,0,55029388,"Northridge, CA (SoCal!)",7587,531,38,9877,False,2463,1
Fri Sep 22 04:38:00 +0000 2017,2,0,55029388,"Northridge, CA (SoCal!)",7587,531,38,9877,False,2463,1
Sun Jul 22 06:05:19 +0000 2012,0,2,445309200,Southern California,769,137,7,39,False,107,1
Tue Oct 10 02:37:10 +0000 2017,41,19,43105334,"Boston, Massachusetts",106360,1532,1407,137,False,5108,1
